year,species
1992,Ketupa flavipes
2003,Streptopelia chinensis
2005,Alcedo atthis
2006,Chalcophaps indica
2006,Pitta nympha
2007,Hierococcyx sparverioides
2008,Passer montanus
2008,Accipiter trivirgatus
2008,Chalcophaps indica
2008,Pycnonotus sinensis
2009,Troglodytes troglodytes
2009,Zoothera aurea
2010,Otus lettia
2010,Alcedo atthis
2010,Hypsipetes leucocephalus
2010,Accipiter virgatus
2010,Streptopelia chinensis
2010,Pycnonotus sinensis
2010,Alcedo atthis
2010,Streptopelia chinensis
2010,Chalcophaps indica
2010,Pycnonotus sinensis
2010,Turdus pallidus
2010,Halcyon coromanda
2011,Zosterops simplex
2011,Arborophila crudigularis
2011,Chalcophaps indica
2011,Hypsipetes leucocephalus
2011,Streptopelia orientalis
2011,Identified to Class: Aves
2011,Hierococcyx sparverioides
2011,Prinia inornata
2011,Pycnonotus sinensis
2011,Ninox japonica
2011,Passer montanus
2011,Passer montanus
2011,Chalcophaps indica
2011,Zosterops simplex
2011,Pyrrhula nipalensis
2011,Chalcophaps indica
2011,Passer montanus
2011,Zosterops simplex
2011,Otus lettia
2011,Alcedo atthis
2011,Pycnonotus sinensis
2011,Monticola solitarius
2011,Halcyon coromanda
2011,Chalcophaps indica
2011,Urosphena squameiceps
2011,Eophona migratoria
2011,Hirundo rustica
2011,Passer montanus
2011,Columba livia
2011,Accipiter trivirgatus
2011,Zosterops simplex
2011,Chalcophaps indica
2011,Myophonus insularis
2012,Passer montanus
2012,Chalcophaps indica
2012,Psilopogon nuchalis
2012,Passer montanus
2012,Chalcophaps indica
2012,Passer montanus
2012,Chalcophaps indica
2012,Chalcophaps indica
2012,Psilopogon nuchalis
2012,Cuculus optatus
2012,Passer montanus
2012,Columba livia
2012,Pycnonotus sinensis
2012,Alcedo atthis
2012,Passer montanus
2012,Passer montanus
2012,Chalcophaps indica
2012,Streptopelia tranquebarica
2012,Pycnonotus sinensis
2012,Chalcophaps indica
2012,Zosterops simplex
2012,Locustella certhiola
2012,Psilopogon nuchalis
2012,Pitta nympha
2012,Pycnonotus sinensis
2012,Alcedo atthis
2012,Bambusicola sonorivox
2012,Streptopelia orientalis
2012,Chalcophaps indica
2012,Accipiter trivirgatus
2012,Chalcophaps indica
2012,Passer montanus
2012,Psilopogon nuchalis
2012,Dendrocitta formosae
2012,Streptopelia chinensis
2012,Chalcophaps indica
2012,Alcedo atthis
2012,Zosterops simplex
2012,Gorsachius melanolophus
2012,Passer montanus
2012,Myophonus insularis
2012,Streptopelia chinensis
2012,Clamator coromandus
2012,Myophonus insularis
2012,Psilopogon nuchalis
2012,Identified to Class: Aves
2012,Zosterops simplex
2012,Chalcophaps indica
2012,Chalcophaps indica
2012,Alcedo atthis
2012,Locustella fasciolata
2012,Phylloscopus borealis complex
2012,Alcedo atthis
2012,Phylloscopus borealis complex
2012,Lanius cristatus
2012,Psilopogon nuchalis
2012,Passer montanus
2012,Monticola solitarius
2012,Identified to Family: Columbidae
2012,Accipiter trivirgatus
2012,Hypsipetes leucocephalus
2012,Psilopogon nuchalis
2012,Lanius cristatus
2012,Psilopogon nuchalis
2012,Phylloscopus inornatus
2012,Chalcophaps indica
2012,Alcedo atthis
2012,Chalcophaps indica
2012,Zoothera aurea
2012,Passer montanus
2012,Phoenicurus auroreus
2012,Calliope calliope
2012,Accipiter virgatus
2012,Passer montanus
2012,Psilopogon nuchalis
2012,Passer montanus
2012,Passer montanus
2012,Accipiter trivirgatus
2012,Myiomela leucura
2012,Ninox japonica
2012,Chalcophaps indica
2012,Turdus obscurus
2012,Psilopogon nuchalis
2012,Zosterops simplex
2012,Turdus mandarinus
2012,Psilopogon nuchalis
2012,Turdus pallidus
2012,Turdus pallidus
2012,Psilopogon nuchalis
2012,Phoenicurus auroreus
2012,Turdus pallidus
2012,Psilopogon nuchalis
2012,Turdus pallidus
2012,Zoothera aurea
2012,Accipiter trivirgatus
2012,Zoothera sp.
2012,Psilopogon nuchalis
2012,Turdus pallidus
2012,Alcedo atthis
2012,Sturnia sinensis
2012,Zosterops simplex
2012,Zoothera aurea
2012,Zoothera aurea
2012,Turdus pallidus
2013,Alcedo atthis
2013,Psilopogon nuchalis
2013,Locustella lanceolata
2013,Psilopogon nuchalis
2013,Psilopogon nuchalis
2013,Accipiter trivirgatus
2013,Hypsipetes leucocephalus
2013,Psilopogon nuchalis
2013,Turdus pallidus
2013,Zoothera aurea
2013,Psilopogon nuchalis
2013,Psilopogon nuchalis
2013,Psilopogon nuchalis
2013,Passer montanus
2013,Zosterops simplex
2013,Streptopelia chinensis
2013,Chalcophaps indica
2013,Accipiter virgatus
2013,Streptopelia chinensis
2013,Streptopelia tranquebarica
2013,Hypsipetes leucocephalus
2013,Dendrocitta formosae
2013,Turdus obscurus
2013,Passer montanus
2013,Psilopogon nuchalis
2013,Aplonis panayensis
2013,Hypothymis azurea
2013,Psilopogon nuchalis
2013,Alcedo atthis
2013,Pycnonotus sinensis
2013,Zoothera aurea
2013,Chalcophaps indica
2013,Passer montanus
2013,Passer montanus
2013,Passer montanus
2013,Alcedo atthis
2013,Halcyon coromanda
2013,Streptopelia chinensis
2013,Alcedo atthis
2013,Psilopogon nuchalis
2013,Psilopogon nuchalis
2013,Alcedo atthis
2013,Alcedo atthis
2013,Alcedo atthis
2013,Chalcophaps indica
2013,Locustella ochotensis
2013,Passer montanus
2013,Alcedo atthis
2013,Alcedo atthis
2013,Chalcophaps indica
2013,Chalcophaps indica
2013,Psilopogon nuchalis
2013,Passer montanus
2013,Myophonus insularis
2013,Actinodura morrisoniana
2013,Alcedo atthis
2013,Alcedo atthis
2013,Hypsipetes leucocephalus
2013,Chalcophaps indica
2013,Passer montanus
2013,Alcedo atthis
2013,Chalcophaps indica
2013,Chalcophaps indica
2013,Passer montanus
2013,Passer montanus
2013,Passer montanus
2013,Alcedo atthis
2013,Myophonus insularis
2013,Accipiter trivirgatus
2013,Prinia inornata
2013,Spilornis cheela
2013,Chalcophaps indica
2013,Spilornis cheela
2013,Psilopogon nuchalis
2013,Streptopelia chinensis
2013,Accipiter trivirgatus
2013,Accipiter trivirgatus
2013,Passer montanus
2013,Alcedo atthis
2013,Chalcophaps indica
2013,Chalcophaps indica
2013,Lanius cristatus
2013,Passer montanus
2013,Chalcophaps indica
2013,Pycnonotus sinensis
2013,Motacilla cinerea
2013,Psilopogon nuchalis
2013,Alcedo atthis
2013,Chalcophaps indica
2013,Chalcophaps indica
2013,Passer montanus
2013,Zosterops simplex
2013,Lanius cristatus
2013,Locustella ochotensis
2013,Chalcophaps indica
2013,Zosterops simplex
2013,Chalcophaps indica
2013,Psilopogon nuchalis
2013,Accipiter trivirgatus
2013,Ninox japonica
2013,Psilopogon nuchalis
2013,Locustella ochotensis
2013,Streptopelia chinensis
2013,Accipiter virgatus
2013,Alcedo atthis
2013,Accipiter trivirgatus
2013,Pycnonotus sinensis
2013,Zosterops simplex
2013,Pycnonotus sinensis
2013,Passer montanus
2013,Ficedula narcissina
2013,Calliope calliope
2013,Psilopogon nuchalis
2013,Calliope calliope
2013,Phoenicurus auroreus
2013,Alcedo atthis
2013,Accipiter trivirgatus
2013,Psilopogon nuchalis
2013,Turdus obscurus
2013,Psilopogon nuchalis
2013,Accipiter trivirgatus
2013,Streptopelia tranquebarica
2013,Psilopogon nuchalis
2013,Chalcophaps indica
2013,Otus lettia
2013,Turdus pallidus
2013,Turdus pallidus
2013,Prinia inornata
2013,Zoothera aurea
2013,Turdus pallidus
2013,Chalcophaps indica
2013,Anthus hodgsoni
2013,Turdus pallidus
2013,Identified to Family: Turdidae
2013,Turdus pallidus
2013,Turdus chrysolaus
2013,Turdus pallidus
2013,Turdus pallidus
2013,Dendrocitta formosae
2013,Psilopogon nuchalis
2013,Psilopogon nuchalis
2013,Turdus pallidus
2013,Pycnonotus sinensis
2013,Apus nipalensis
2013,Turnix suscitator
2013,Identified to Family: Columbidae
2013,Streptopelia orientalis
2013,Psilopogon nuchalis
2013,Psilopogon nuchalis
2013,Zoothera sp.
2013,Halcyon coromanda
2013,Chalcophaps indica
2013,Chalcophaps indica
2013,Chalcophaps indica
2014,Chalcophaps indica
2014,Zoothera aurea
2014,Pericrocotus solaris
2014,Streptopelia tranquebarica
2014,Zoothera aurea
2014,Zoothera aurea
2014,Zoothera aurea
2014,Turdus chrysolaus
2014,Alcedo atthis
2014,Psilopogon nuchalis
2014,Zoothera sp.
2014,Accipiter trivirgatus
2014,Accipiter trivirgatus
2014,Psilopogon nuchalis
2014,Streptopelia orientalis
2014,Streptopelia tranquebarica
2014,Psilopogon nuchalis
2014,Psilopogon nuchalis
2014,Psilopogon nuchalis
2014,Columba livia
2014,Accipiter trivirgatus
2014,Psilopogon nuchalis
2014,Horornis canturians
2014,Chalcophaps indica
2014,Passer montanus
2014,Streptopelia chinensis
2014,Streptopelia chinensis
2014,Zoothera aurea
2014,Accipiter trivirgatus
2014,Liocichla steerii
2014,Accipiter trivirgatus
2014,Pycnonotus sinensis
2014,Accipiter trivirgatus
2014,Passer montanus
2014,Passer montanus
2014,Psilopogon nuchalis
2014,Psilopogon nuchalis
2014,Psilopogon nuchalis
2014,Psilopogon nuchalis
2014,Pycnonotus sinensis
2014,Enicurus scouleri
2014,Chalcophaps indica
2014,Psilopogon nuchalis
2014,Zosterops simplex
2014,Hirundo tahitica
2014,Alcedo atthis
2014,Chalcophaps indica
2014,Falco peregrinus
2014,Chalcophaps indica
2014,Psilopogon nuchalis
2014,Copsychus malabaricus
2014,Accipiter trivirgatus
2014,Chalcophaps indica
2014,Myophonus insularis
2014,Alcedo atthis
2014,Streptopelia chinensis
2014,Chalcophaps indica
2014,Dendrocitta formosae
2014,Turdus niveiceps
2014,Chalcophaps indica
2014,Apus nipalensis
2014,Ficedula narcissina
2014,Pycnonotus sinensis
2014,Accipiter trivirgatus
2014,Dendrocitta formosae
2014,Psilopogon nuchalis
2014,Motacilla alba
2014,Gorsachius melanolophus
2014,Accipiter trivirgatus
2014,Alcedo atthis
2014,Passer montanus
2014,Passer montanus
2014,Lanius schach
2014,Passer montanus
2014,Sitta europaea
2014,Hypothymis azurea
2014,Monticola solitarius
2014,Caprimulgus affinis
2014,Glaucidium brodiei
2014,Acrocephalus orientalis
2014,Streptopelia chinensis
2014,Accipiter trivirgatus
2014,Accipiter trivirgatus
2014,Pycnonotus sinensis
2014,Pycnonotus sinensis
2014,Alcedo atthis
2014,Alcedo atthis
2014,Hypothymis azurea
2014,Lonchura striata
2014,Lonchura striata
2014,Lonchura striata
2014,Passer montanus
2014,Streptopelia tranquebarica
2014,Bubulcus ibis
2014,Passer montanus
2014,Pitta nympha
2014,Pycnonotus sinensis
2014,Psilopogon nuchalis
2014,Chalcophaps indica
2014,Alcedo atthis
2014,Passer montanus
2014,Streptopelia chinensis
2014,Columba livia
2014,Passer montanus
2014,Streptopelia tranquebarica
2014,Passer montanus
2014,Psilopogon nuchalis
2014,Acridotheres javanicus
2014,Motacilla alba
2014,Passer montanus
2014,Passer montanus
2014,Psilopogon nuchalis
2014,Myiomela leucura
2014,Passer montanus
2014,Myiomela leucura
2014,Zosterops simplex
2014,Chalcophaps indica
2014,Chalcophaps indica
2014,Pycnonotus sinensis
2014,Passer montanus
2014,Urocissa caerulea
2014,Pitta nympha
2014,Streptopelia orientalis
2014,Psilopogon nuchalis
2014,Prinia inornata
2014,Psilopogon nuchalis
2014,Psilopogon nuchalis
2014,Columba livia
2014,Passer montanus
2014,Passer montanus
2014,Streptopelia tranquebarica
2014,Larvivora cyane
2014,Tarsiger johnstoniae
2014,Chalcophaps indica
2014,Monticola solitarius
2014,Columba livia
2014,Monticola solitarius
2014,Locustella lanceolata
2014,Psilopogon nuchalis
2014,Monticola solitarius
2014,Zosterops simplex
2014,Passer montanus
2014,Alcedo atthis
2014,Psilopogon nuchalis
2014,Cuculus optatus
2014,Dendrocitta formosae
2014,Passer montanus
2014,Streptopelia chinensis
2014,Psilopogon nuchalis
2014,Psilopogon nuchalis
2014,Alcedo atthis
2014,Niltava vivida
2014,Pycnonotus sinensis
2014,Ficedula narcissina
2014,Accipiter trivirgatus
2014,Alcedo atthis
2014,Turdus pallidus
2014,Accipiter trivirgatus
2014,Turdus pallidus
2014,Streptopelia chinensis
2014,Chalcophaps indica
2014,Turdus pallidus
2014,Streptopelia chinensis
2014,Horornis canturians
2014,Psilopogon nuchalis
2014,Streptopelia tranquebarica
2014,Spizixos semitorques
2014,Heterophasia auricularis
2014,Turdus pallidus
2014,Dendrocitta formosae
2014,Zoothera aurea
2014,Carpodacus formosanus
2014,Turdus pallidus
2014,Copsychus saularis
2014,Chalcophaps indica
2014,Turdus chrysolaus
2014,Accipiter virgatus
2014,Apus nipalensis
2014,Turdus pallidus
2014,Turdus pallidus
2014,Turdus pallidus
2014,Turdus pallidus
2014,Turdus chrysolaus
2015,Turdus pallidus
2015,Chalcophaps indica
2015,Psilopogon nuchalis
2015,Accipiter trivirgatus
2015,Psilopogon nuchalis
2015,Turnix suscitator
2015,Psilopogon nuchalis
2015,Zoothera sp.
2015,Streptopelia tranquebarica
2015,Accipiter trivirgatus
2015,Phoenicurus auroreus
2015,Psilopogon nuchalis
2015,Identified to Family: Columbidae
2015,Chalcophaps indica
2015,Psilopogon nuchalis
2015,Turdus pallidus
2015,Turdus pallidus
2015,Pycnonotus sinensis
2015,Accipiter trivirgatus
2015,Pandion haliaetus
2015,Chalcophaps indica
2015,Zoothera sp.
2015,Passer montanus
2015,Turdus pallidus
2015,Turdus pallidus
2015,Psilopogon nuchalis
2015,Turdus pallidus
2015,Turdus hortulorum
2015,Accipiter trivirgatus
2015,Turdus chrysolaus
2015,Garrulax taewanus
2015,Accipiter trivirgatus
2015,Hypsipetes leucocephalus
2015,Hirundo tahitica
2015,Streptopelia chinensis
2015,Passer montanus
2015,Turdus pallidus
2015,Turdus pallidus
2015,Turdus niveiceps
2015,Pycnonotus sinensis
2015,Psilopogon nuchalis
2015,Zosterops simplex
2015,Turdus pallidus
2015,Streptopelia tranquebarica
2015,Turdus pallidus
2015,Streptopelia chinensis
2015,Hirundo rustica
2015,Pycnonotus sinensis
2015,Turdus pallidus
2015,Caprimulgus affinis
2015,Alcedo atthis
2015,Zosterops simplex
2015,Bombycilla garrulus
2015,Psilopogon nuchalis
2015,Turnix suscitator
2015,Passer montanus
2015,Pycnonotus taivanus
2015,Psilopogon nuchalis
2015,Yungipicus canicapillus
2015,Otus lettia
2015,Chalcophaps indica
2015,Chalcophaps indica
2015,Chalcophaps indica
2015,Pycnonotus sinensis
2015,Accipiter trivirgatus
2015,Accipiter trivirgatus
2015,Chalcophaps indica
2015,Psilopogon nuchalis
2015,Psilopogon nuchalis
2015,Chalcophaps indica
2015,Chalcophaps indica
2015,Calliope calliope
2015,Pitta nympha
2015,Chalcophaps indica
2015,Prinia inornata
2015,Alcedo atthis
2015,Pitta nympha
2015,Passer montanus
2015,Pycnonotus sinensis
2015,Aplonis panayensis
2015,Passer montanus
2015,Pycnonotus sinensis
2015,Streptopelia tranquebarica
2015,Passer montanus
2015,Chalcophaps indica
2015,Passer montanus
2015,Zosterops meyeni
2015,Chalcophaps indica
2015,Passer montanus
2015,Chalcophaps indica
2015,Halcyon coromanda
2015,Pycnonotus sinensis
2015,Passer montanus
2015,Streptopelia tranquebarica
2015,Passer montanus
2015,Chalcophaps indica
2015,Psilopogon nuchalis
2015,Cuculus optatus
2015,Chalcophaps indica
2015,Accipiter trivirgatus
2015,Streptopelia tranquebarica
2015,Psilopogon nuchalis
2015,Chalcophaps indica
2015,Passer montanus
2015,Chalcophaps indica
2015,Nycticorax nycticorax
2015,Hirundo tahitica
2015,Nycticorax nycticorax
2015,Chalcophaps indica
2015,Chalcophaps indica
2015,Columba livia
2015,Pycnonotus sinensis
2015,Streptopelia chinensis
2015,Pycnonotus taivanus
2015,Alcedo atthis
2015,Chalcophaps indica
2015,Accipiter trivirgatus
2015,Chalcophaps indica
2015,Chalcophaps indica
2015,Chalcophaps indica
2015,Accipiter virgatus
2015,Accipiter virgatus
2015,Alcedo atthis
2015,Turnix suscitator
2015,Chalcophaps indica
2015,Passer montanus
2015,Passer montanus
2015,Hypsipetes leucocephalus
2015,Myiomela leucura
2015,Chalcophaps indica
2015,Passer montanus
2015,Pycnonotus sinensis
2015,Chalcophaps indica
2015,Chalcophaps indica
2015,Streptopelia chinensis
2015,Psilopogon nuchalis
2015,Passer montanus
2015,Apus nipalensis
2015,Passer montanus
2015,Accipiter trivirgatus
2015,Streptopelia chinensis
2015,Myiomela leucura
2015,Accipiter trivirgatus
2015,Chalcophaps indica
2015,Lanius cristatus
2015,Alcedo atthis
2015,Hierococcyx sparverioides
2015,Larvivora cyane
2015,Passer montanus
2015,Psilopogon nuchalis
2015,Monticola solitarius
2015,Hypsipetes leucocephalus
2015,Phalaropus lobatus
2015,Zosterops meyeni
2015,Locustella ochotensis
2015,Pitta nympha
2015,Lanius cristatus
2015,Lonchura punctulata
2015,Monticola solitarius
2015,Pycnonotus taivanus
2015,Phylloscopus coronatus
2015,Psilopogon nuchalis
2015,Psilopogon nuchalis
2015,Pycnonotus taivanus
2015,Alcedo atthis
2015,Accipiter trivirgatus
2015,Cuculus optatus
2015,Locustella lanceolata
2015,Ninox japonica
2015,Zoothera aurea
2015,Psilopogon nuchalis
2015,Turdus pallidus
2015,Zoothera aurea
2015,Chalcophaps indica
2015,Streptopelia chinensis
2015,Lanius cristatus
2015,Alcedo atthis
2015,Chalcophaps indica
2015,Accipiter gularis
2015,Psilopogon nuchalis
2015,Gorsachius melanolophus
2015,Phoenicurus fuliginosus
2015,Ixobrychus eurhythmus
2015,Turdus obscurus
2015,Lonchura punctulata
2015,Pycnonotus taivanus
2015,Phoenicurus auroreus
2015,Myiomela leucura
2015,Accipiter nisus
2015,Streptopelia tranquebarica
2015,Gorsachius melanolophus
2015,Turdus pallidus
2015,Horornis canturians
2015,Turdus cardis
2015,Turdus pallidus
2015,Turdus pallidus
2015,Psilopogon nuchalis
2015,Turdus pallidus
2015,Niltava sp.
2015,Zoothera dauma
2015,Accipiter trivirgatus
2015,Pycnonotus sinensis
2015,Zoothera aurea
2015,Turdus pallidus
2015,Pycnonotus taivanus
2015,Psilopogon nuchalis
2015,Ficedula mugimaki
2015,Psilopogon nuchalis
2015,Turdus pallidus
2015,Turdus pallidus
2015,Hypsipetes amaurotis
2015,Rallus indicus
2015,Turdus pallidus
2015,Psilopogon nuchalis
2015,Alcedo atthis
2015,Psilopogon nuchalis
2015,Zoothera aurea
2015,Turdus pallidus
2015,Psilopogon nuchalis
2015,Hypsipetes leucocephalus
2015,Turdus hortulorum
2015,Turdus chrysolaus
2015,Turdus pallidus
2015,Turdus chrysolaus
2015,Accipiter trivirgatus
2015,Zosterops simplex
2015,Chalcophaps indica
2015,Accipiter trivirgatus
2015,Identified to Class: Aves
2015,Streptopelia chinensis
2015,Zoothera aurea
2015,Turdus chrysolaus
2015,Accipiter virgatus
2015,Turdus pallidus
2015,Streptopelia chinensis
2015,Accipiter trivirgatus
2015,Phasianus colchicus
2015,Acridotheres tristis
2016,Turdus pallidus
2016,Turdus pallidus
2016,Psilopogon nuchalis
2016,Accipiter trivirgatus
2016,Psilopogon nuchalis
2016,Identified to Class: Aves
2016,Turdus pallidus
2016,Psilopogon nuchalis
2016,Psilopogon nuchalis
2016,Apus nipalensis
2016,Alcedo atthis
2016,Psilopogon nuchalis
2016,Passer montanus
2016,Accipiter trivirgatus
2016,Calliope calliope
2016,Psilopogon nuchalis
2016,Turdus pallidus
2016,Psilopogon nuchalis
2016,Psilopogon nuchalis
2016,Apus nipalensis
2016,Accipiter trivirgatus
2016,Lonchura striata
2016,Turdus pallidus
2016,Streptopelia tranquebarica
2016,Accipiter trivirgatus
2016,Turdus pallidus
2016,Alcedo atthis
2016,Turdus pallidus
2016,Streptopelia chinensis
2016,Chalcophaps indica
2016,Psilopogon nuchalis
2016,Turdus pallidus
2016,Chalcophaps indica
2016,Chalcophaps indica
2016,Phoenicurus auroreus
2016,Turdus pallidus
2016,Amaurornis phoenicurus
2016,Pycnonotus taivanus
2016,Streptopelia tranquebarica
2016,Phasianus colchicus
2016,Pycnonotus sinensis
2016,Phasianus colchicus
2016,Chalcophaps indica
2016,Passer montanus
2016,Psilopogon nuchalis
2016,Chalcophaps indica
2016,Streptopelia chinensis
2016,Myophonus insularis
2016,Identified to Family: Columbidae
2016,Treron formosae
2016,Turdus pallidus
2016,Chalcophaps indica
2016,Hypsipetes leucocephalus
2016,Dendrocitta formosae
2016,Streptopelia orientalis
2016,Psilopogon nuchalis
2016,Psilopogon nuchalis
2016,Psilopogon nuchalis
2016,Psilopogon nuchalis
2016,Turdus chrysolaus
2016,Pycnonotus sinensis
2016,Myiomela leucura
2016,Psilopogon nuchalis
2016,Alcedo atthis
2016,Psilopogon nuchalis
2016,Heterophasia auricularis
2016,Dendrocitta formosae
2016,Turnix suscitator
2016,Pitta nympha
2016,Pitta nympha
2016,Myiomela leucura
2016,Pitta nympha
2016,Elanus caeruleus
2016,Streptopelia chinensis
2016,Psilopogon nuchalis
2016,Clamator coromandus
2016,Accipiter gularis
2016,Hypothymis azurea
2016,Chalcophaps indica
2016,Pycnonotus sinensis
2016,Accipiter trivirgatus
2016,Accipiter trivirgatus
2016,Psilopogon nuchalis
2016,Passer montanus
2016,Halcyon coromanda
2016,Halcyon coromanda
2016,Chalcophaps indica
2016,Zosterops simplex
2016,Passer montanus
2016,Zosterops simplex
2016,Zosterops simplex
2016,Chalcophaps indica
2016,Passer montanus
2016,Psilopogon nuchalis
2016,Pomatorhinus musicus
2016,Accipiter trivirgatus
2016,Corvus macrorhynchos
2016,Streptopelia chinensis
2016,Tarsiger johnstoniae
2016,Chalcophaps indica
2016,Passer montanus
2016,Myiomela leucura
2016,Alcedo atthis
2016,Accipiter virgatus
2016,Zosterops simplex
2016,Alcedo atthis
2016,Psilopogon nuchalis
2016,Chalcophaps indica
2016,Chalcophaps indica
2016,Psilopogon nuchalis
2016,Passer montanus
2016,Zosterops simplex
2016,Streptopelia chinensis
2016,Accipiter trivirgatus
2016,Psilopogon nuchalis
2016,Alcedo atthis
2016,Chalcophaps indica
2016,Chalcophaps indica
2016,Cuculus optatus
2016,Accipiter trivirgatus
2016,Accipiter virgatus
2016,Chalcophaps indica
2016,Chalcophaps indica
2016,Pycnonotus sinensis
2016,Cyornis brunneatus
2016,Lanius cristatus
2016,Chalcophaps indica
2016,Psilopogon nuchalis
2016,Psilopogon nuchalis
2016,Pitta nympha
2016,Pitta nympha
2016,Hierococcyx sparverioides
2016,Alcedo atthis
2016,Clamator coromandus
2016,Alcedo atthis
2016,Accipiter trivirgatus
2016,Halcyon coromanda
2016,Alcedo atthis
2016,Alcedo atthis
2016,Alcedo atthis
2016,Treron sieboldii
2016,Cuculus optatus
2016,Chalcophaps indica
2016,Alcedo atthis
2016,Phylloscopus borealis
2016,Falco peregrinus
2016,Halcyon coromanda
2016,Ficedula narcissina
2016,Otus sunia
2016,Psilopogon nuchalis
2016,Zosterops simplex
2016,Psilopogon nuchalis
2016,Ninox japonica
2016,Accipiter trivirgatus
2016,Chalcophaps indica
2016,Psilopogon nuchalis
2016,Chalcophaps indica
2016,Halcyon coromanda
2016,Falco tinnunculus
2016,Accipiter trivirgatus
2016,Cuculus optatus
2016,Alcedo atthis
2016,Zosterops simplex
2016,Tarsiger cyanurus
2016,Streptopelia chinensis
2016,Urosphena squameiceps
2016,Turdus obscurus
2016,Psilopogon nuchalis
2016,Streptopelia chinensis
2016,Streptopelia chinensis
2016,Calliope calliope
2016,Turdus obscurus
2016,Accipiter trivirgatus
2016,Zosterops simplex
2016,Pycnonotus sinensis
2016,Psilopogon nuchalis
2016,Turdus pallidus
2016,Turdus chrysolaus
2016,Myiomela leucura
2016,Psilopogon nuchalis
2016,Psilopogon nuchalis
2016,Turdus pallidus
2016,Turdus pallidus
2016,Turdus pallidus
2016,Streptopelia chinensis
2016,Gorsachius melanolophus
2016,Psilopogon nuchalis
2016,Turdus pallidus
2016,Turdus chrysolaus
2016,Accipiter trivirgatus
2016,Accipiter trivirgatus
2016,Streptopelia orientalis
2016,Zosterops simplex
2016,Zoothera aurea
2016,Phasianus colchicus
2016,Turdus pallidus
2016,Turdus pallidus
2017,Accipiter trivirgatus
2017,Alcedo atthis
2017,Passer montanus
2017,Chalcophaps indica
2017,Accipiter trivirgatus
2017,Pycnonotus sinensis
2017,Psilopogon nuchalis
2017,Streptopelia chinensis
2017,Streptopelia orientalis
2017,Psilopogon nuchalis
2017,Chalcophaps indica
2017,Accipiter virgatus
2017,Turdus chrysolaus
2017,Turdus pallidus
2017,Streptopelia chinensis
2017,Chalcophaps indica
2017,Psilopogon nuchalis
2017,Streptopelia orientalis
2017,Alcedo atthis
2017,Accipiter trivirgatus
2017,Psilopogon nuchalis
2017,Oriolus traillii
2017,Chalcophaps indica
2017,Accipiter trivirgatus
2017,Accipiter trivirgatus
2017,Accipiter trivirgatus
2017,Passer montanus
2017,Passer montanus
2017,Psilopogon nuchalis
2017,Chalcophaps indica
2017,Pycnonotus sinensis
2017,Streptopelia orientalis
2017,Chalcophaps indica
2017,Accipiter trivirgatus
2017,Chalcophaps indica
2017,Chalcophaps indica
2017,Otus lettia
2017,Chalcophaps indica
2017,Passer montanus
2017,Passer montanus
2017,Phasianus colchicus
2017,Chalcophaps indica
2017,Streptopelia tranquebarica
2017,Chalcophaps indica
2017,Psilopogon nuchalis
2017,Alcedo atthis
2017,Streptopelia chinensis
2017,Turdus pallidus
2017,Halcyon coromanda
2017,Myiomela leucura
2017,Chalcophaps indica
2017,Zoothera sp.
2017,Passer montanus
2017,Pycnonotus sinensis
2017,Accipiter soloensis
2017,Passer montanus
2017,Passer montanus
2017,Alcedo atthis
2017,Hirundo rustica
2017,Psilopogon nuchalis
2017,Chalcophaps indica
2017,Zosterops simplex
2017,Halcyon coromanda
2017,Pycnonotus sinensis
2017,Turdus chrysolaus
2017,Accipiter virgatus
2017,Pitta nympha
2017,Psilopogon nuchalis
2017,Chalcophaps indica
2017,Chalcophaps indica
2017,Myiomela leucura
2017,Bubulcus ibis
2017,Otus lettia
2017,Chalcophaps indica
2017,Psilopogon nuchalis
2017,Lonchura punctulata
2017,Streptopelia chinensis
2017,Aplonis panayensis
2017,Passer montanus
2017,Pandion haliaetus
2017,Alcedo atthis
2017,Locustella ochotensis
2017,Alcedo atthis
2017,Sitta europaea
2017,Hypsipetes leucocephalus
2017,Bambusicola sonorivox
2017,Lonchura striata
2017,Streptopelia tranquebarica
2017,Passer montanus
2017,Pycnonotus sinensis
2017,Cuculus optatus
2017,Psilopogon nuchalis
2017,Chalcophaps indica
2017,Psilopogon nuchalis
2017,Halcyon coromanda
2017,Streptopelia chinensis
2017,Accipiter trivirgatus
2017,Passer montanus
2017,Chalcophaps indica
2017,Myiomela leucura
2017,Bambusicola sonorivox
2017,Psilopogon nuchalis
2017,Alcedo atthis
2017,Chalcophaps indica
2017,Chalcophaps indica
2017,Passer montanus
2017,Streptopelia tranquebarica
2017,Arborophila crudigularis
2017,Arborophila crudigularis
2017,Nycticorax nycticorax
2017,Falco peregrinus
2017,Psilopogon nuchalis
2017,Hypsipetes amaurotis
2017,Chalcophaps indica
2017,Treron sieboldii
2017,Alcedo atthis
2017,Alcedo atthis
2017,Psilopogon nuchalis
2017,Streptopelia chinensis
2017,Streptopelia chinensis
2017,Streptopelia chinensis
2017,Clamator coromandus
2017,Alcedo atthis
2017,Chalcophaps indica
2017,Psilopogon nuchalis
2017,Aplonis panayensis
2017,Pitta nympha
2017,Chalcophaps indica
2017,Chalcophaps indica
2017,Accipiter trivirgatus
2017,Zosterops simplex
2017,Accipiter trivirgatus
2017,Zosterops simplex
2017,Chalcophaps indica
2017,Chalcophaps indica
2017,Accipiter trivirgatus
2017,Passer montanus
2017,Chalcophaps indica
2017,Chalcophaps indica
2017,Amaurornis phoenicurus
2017,Streptopelia tranquebarica
2017,Passer montanus
2017,Chalcophaps indica
2017,Alcedo atthis
2017,Lonchura punctulata
2017,Psilopogon nuchalis
2017,Alcedo atthis
2017,Aplonis panayensis
2017,Psilopogon nuchalis
2017,Psilopogon nuchalis
2017,Urocissa caerulea
2017,Myophonus insularis
2017,Chalcophaps indica
2017,Turnix suscitator
2017,Psilopogon nuchalis
2017,Pycnonotus sinensis
2017,Streptopelia chinensis
2017,Passer montanus
2017,Streptopelia chinensis
2017,Streptopelia chinensis
2017,Lonchura punctulata
2017,Alcedo atthis
2017,Lanius cristatus
2017,Chalcophaps indica
2017,Psilopogon nuchalis
2017,Alcedo atthis
2017,Halcyon coromanda
2017,Clamator coromandus
2017,Psilopogon nuchalis
2017,Halcyon coromanda
2017,Cuculus optatus
2017,Chalcophaps indica
2017,Gorsachius melanolophus
2017,Ninox japonica
2017,Cuculus optatus
2017,Phylloscopus borealis complex
2017,Passer montanus
2017,Accipiter trivirgatus
2017,Accipiter trivirgatus
2017,Tarsiger johnstoniae
2017,Urosphena squameiceps
2017,Accipiter trivirgatus
2017,Alcedo atthis
2017,Hirundo rustica
2017,Urosphena squameiceps
2017,Emberiza rustica
2017,Falco tinnunculus
2017,Ninox japonica
2017,Ninox japonica
2017,Ninox japonica
2017,Ninox japonica
2017,Accipiter virgatus
2017,Streptopelia orientalis
2017,Psilopogon nuchalis
2017,Accipiter virgatus
2017,Passer montanus
2017,Passer montanus
2017,Acridotheres tristis
2017,Streptopelia chinensis
2017,Myiomela leucura
2017,Halcyon coromanda
2017,Myophonus insularis
2017,Zosterops simplex
2017,Psilopogon nuchalis
2017,Columba livia
2017,Accipiter trivirgatus
2017,Psilopogon nuchalis
2017,Niltava vivida
2017,Myiomela leucura
2017,Psilopogon nuchalis
2017,Chalcophaps indica
2017,Turdus pallidus
2017,Streptopelia orientalis
2017,Psilopogon nuchalis
2017,Psilopogon nuchalis
2017,Hypsipetes leucocephalus
2017,Turdus pallidus
2017,Nycticorax nycticorax
2017,Accipiter trivirgatus
2017,Passer montanus
2017,Turdus pallidus
2017,Alcedo atthis
2017,Psilopogon nuchalis
2017,Chalcophaps indica
2017,Turdus chrysolaus
2017,Turdus pallidus
2017,Horornis canturians
2017,Psilopogon nuchalis
2017,Turdus pallidus
2017,Zoothera aurea
2017,Lanius cristatus
2017,Accipiter virgatus
2017,Turdus chrysolaus
2017,Zoothera aurea
2017,Psilopogon nuchalis
2017,Lonchura punctulata
2017,Lonchura punctulata
2017,Accipiter trivirgatus
2017,Anthus hodgsoni
2017,Turdus pallidus
2017,Streptopelia chinensis
2017,Hypsipetes leucocephalus
2017,Streptopelia sp.
2017,Columba livia
2017,Streptopelia chinensis
2017,Accipiter trivirgatus
2017,Niltava vivida
2017,Psilopogon nuchalis
2017,Identified to Class: Aves
2017,Acridotheres cristatellus
2017,Urocissa caerulea
2017,Halcyon coromanda
2017,Streptopelia chinensis
2017,Monticola solitarius
2018,Psilopogon nuchalis
2018,Psilopogon nuchalis
2018,Streptopelia chinensis
2018,Passer montanus
2018,Passer montanus
2018,Psilopogon nuchalis
2018,Identified to Family: Columbidae
2018,Accipiter trivirgatus
2018,Zoothera aurea
2018,Chalcophaps indica
2018,Zoothera sp.
2018,Chalcophaps indica
2018,Hirundo tahitica
2018,Motacilla cinerea
2018,Passer montanus
2018,Lonchura punctulata
2018,Streptopelia chinensis
2018,Psilopogon nuchalis
2018,Turdus chrysolaus
2018,Zosterops simplex
2018,Psilopogon nuchalis
2018,Psilopogon nuchalis
2018,Accipiter trivirgatus
2018,Chalcophaps indica
2018,Psilopogon nuchalis
2018,Chalcophaps indica
2018,Streptopelia orientalis
2018,Phasianus colchicus
2018,Caprimulgus affinis
2018,Zoothera aurea
2018,Streptopelia chinensis
2018,Pycnonotus sinensis
2018,Passer montanus
2018,Phasianus colchicus
2018,Treron sieboldii
2018,Hypsipetes leucocephalus
2018,Pycnonotus sinensis
2018,Phasianus colchicus
2018,Accipiter trivirgatus
2018,Passer montanus
2018,Pycnonotus taivanus
2018,Accipiter virgatus
2018,Alcedo atthis
2018,Alcedo atthis
2018,Psilopogon nuchalis
2018,Hypothymis azurea
2018,Streptopelia tranquebarica
2018,Pycnonotus sinensis
2018,Streptopelia orientalis
2018,Bambusicola sonorivox
2018,Psilopogon nuchalis
2018,Chalcophaps indica
2018,Heterophasia auricularis
2018,Streptopelia chinensis
2018,Psilopogon nuchalis
2018,Turdus pallidus
2018,Chalcophaps indica
2018,Hypsipetes leucocephalus
2018,Accipiter trivirgatus
2018,Streptopelia chinensis
2018,Chalcophaps indica
2018,Niltava vivida
2018,Chalcophaps indica
2018,Chalcophaps indica
2018,Horornis acanthizoides
2018,Accipiter soloensis
2018,Accipiter soloensis
2018,Streptopelia orientalis
2018,Hypsipetes leucocephalus
2018,Streptopelia tranquebarica
2018,Chalcophaps indica
2018,Psilopogon nuchalis
2018,Alcedo atthis
2018,Passer montanus
2018,Halcyon coromanda
2018,Halcyon coromanda
2018,Streptopelia chinensis
2018,Zosterops simplex
2018,Myophonus insularis
2018,Hypsipetes leucocephalus
2018,Chalcophaps indica
2018,Halcyon coromanda
2018,Chalcophaps indica
2018,Zoothera aurea
2018,Halcyon coromanda
2018,Hirundo rustica
2018,Pycnonotus sinensis
2018,Lonchura punctulata
2018,Hirundo rustica
2018,Lonchura striata
2018,Halcyon coromanda
2018,Streptopelia orientalis
2018,Dicrurus macrocercus
2018,Dicrurus macrocercus
2018,Passer montanus
2018,Passer montanus
2018,Pycnonotus sinensis
2018,Hirundo rustica
2018,Accipiter trivirgatus
2018,Alcedo atthis
2018,Alcedo atthis
2018,Nycticorax nycticorax
2018,Alcedo atthis
2018,Passer montanus
2018,Psilopogon nuchalis
2018,Pycnonotus sinensis
2018,Psilopogon nuchalis
2018,Pomatorhinus musicus
2018,Alcedo atthis
2018,Passer montanus
2018,Alcedo atthis
2018,Psilopogon nuchalis
2018,Streptopelia chinensis
2018,Tarsiger johnstoniae
2018,Alcedo atthis
2018,Alcedo atthis
2018,Passer montanus
2018,Psilopogon nuchalis
2018,Passer montanus
2018,Chalcophaps indica
2018,Chalcophaps indica
2018,Cyanoderma ruficeps
2018,Chalcophaps indica
2018,Psilopogon nuchalis
2018,Alcedo atthis
2018,Passer montanus
2018,Psilopogon nuchalis
2018,Psilopogon nuchalis
2018,Alcedo atthis
2018,Zosterops simplex
2018,Zosterops simplex
2018,Alcedo atthis
2018,Pycnonotus sinensis
2018,Alcedo atthis
2018,Accipiter virgatus
2018,Accipiter virgatus
2018,Zosterops simplex
2018,Psilopogon nuchalis
2018,Columba livia
2018,Streptopelia chinensis
2018,Alcedo atthis
2018,Cyanopica cyanus
2018,Psilopogon nuchalis
2018,Accipiter virgatus
2018,Psilopogon nuchalis
2018,Streptopelia chinensis
2018,Chalcophaps indica
2018,Acridotheres tristis
2018,Chalcophaps indica
2018,Accipiter trivirgatus
2018,Apus nipalensis
2018,Apus nipalensis
2018,Identified to Family: Columbidae
2018,Chalcophaps indica
2018,Chalcophaps indica
2018,Psilopogon nuchalis
2018,Alcedo atthis
2018,Lanius cristatus
2018,Alcedo atthis
2018,Psilopogon nuchalis
2018,Cuculus optatus
2018,Halcyon coromanda
2018,Anthus gustavi
2018,Passer montanus
2018,Lonchura striata
2018,Passer montanus
2018,Accipiter trivirgatus
2018,Pycnonotus sinensis
2018,Lonchura punctulata
2018,Locustella ochotensis
2018,Alcedo atthis
2018,Ninox japonica
2018,Alcedo atthis
2018,Myiomela leucura
2018,Streptopelia orientalis
2018,Accipiter trivirgatus
2018,Pycnonotus taivanus
2018,Psilopogon nuchalis
2018,Chalcophaps indica
2018,Halcyon coromanda
2018,Alcedo atthis
2018,Identified to Family: Columbidae
2018,Accipiter virgatus
2018,Emberiza elegans
2018,Calliope calliope
2018,Aplonis panayensis
2018,Psilopogon nuchalis
2018,Psilopogon nuchalis
2018,Horornis canturians
2018,Horornis canturians
2018,Turdus pallidus
2018,Turdus pallidus
2018,Turdus pallidus
2018,Turdus pallidus
2018,Turdus pallidus
2018,Accipiter trivirgatus
2018,Lophura swinhoii
2018,Psilopogon nuchalis
2018,Psilopogon nuchalis
2018,Dendrocitta formosae
2018,Psilopogon nuchalis
2018,Columba livia
2018,Turdus pallidus
2018,Accipiter virgatus
2018,Chalcophaps indica
2018,Pycnonotus sinensis
2018,Psilopogon nuchalis
2018,Streptopelia orientalis
2018,Psilopogon nuchalis
2018,Spilornis cheela
2018,Psilopogon nuchalis
2018,Lonchura striata
2018,Lonchura striata
2018,Lonchura striata
2018,Lonchura striata
2018,Streptopelia chinensis
2018,Identified to Class: Aves
2018,Lonchura punctulata
2018,Gorsachius melanolophus
2018,Alcedo atthis
2018,Prinia inornata
2018,Prinia inornata
2019,Psilopogon nuchalis
2019,Aethopyga christinae
2019,Streptopelia orientalis
2019,Emberiza spodocephala
2019,Emberiza spodocephala
2019,Psilopogon nuchalis
2019,Columba livia
2019,Alcedo atthis
2019,Psilopogon nuchalis
2019,Pycnonotus sinensis
2019,Psilopogon nuchalis
2019,Treron sieboldii
2019,Accipiter trivirgatus
2019,Psilopogon nuchalis
2019,Zosterops simplex
2019,Amaurornis phoenicurus
2019,Pycnonotus taivanus
2019,Chalcophaps indica
2019,Chalcophaps indica
2019,Psilopogon nuchalis
2019,Butastur indicus
2019,Psilopogon nuchalis
2019,Turdus chrysolaus
2019,Psilopogon nuchalis
2019,Accipiter trivirgatus
2019,Accipiter trivirgatus
2019,Psilopogon nuchalis
2019,Psilopogon nuchalis
2019,Chalcophaps indica
2019,Chalcophaps indica
2019,Hirundo rustica
2019,Streptopelia chinensis
2019,Streptopelia chinensis
2019,Psilopogon nuchalis
2019,Turdus pallidus
2019,Chalcophaps indica
2019,Zosterops simplex
2019,Turdus pallidus
2019,Accipiter trivirgatus
2019,Lophura swinhoii
2019,Hypothymis azurea
2019,Psilopogon nuchalis
2019,Streptopelia chinensis
2019,Hirundo rustica
2019,Streptopelia chinensis
2019,Streptopelia chinensis
2019,Psilopogon nuchalis
2019,Chalcophaps indica
2019,Chalcophaps indica
2019,Gallinula chloropus
2019,Alcedo atthis
2019,Streptopelia chinensis
2019,Pica serica
2019,Otus lettia
2019,Passer montanus
2019,Psilopogon nuchalis
2019,Psilopogon nuchalis
2019,Passer montanus
2019,Pycnonotus taivanus
2019,Turdus obscurus
2019,Psilopogon nuchalis
2019,Streptopelia orientalis
2019,Streptopelia tranquebarica
2019,Pycnonotus sinensis
2019,Psilopogon nuchalis
2019,Myophonus insularis
2019,Turdus chrysolaus
2019,Accipiter gularis
2019,Turdus pallidus
2019,Psilopogon nuchalis
2019,Alcedo atthis
2019,Alcedo atthis
2019,Ficedula narcissina
2019,Ficedula narcissina
2019,Zosterops simplex
2019,Turdus chrysolaus
2019,Chalcophaps indica
2019,Streptopelia chinensis
2019,Pycnonotus sinensis
2019,Copsychus saularis
2019,Identified to Family: Laniidae
2019,Chalcophaps indica
2019,Accipiter gularis
2019,Turnix suscitator
2019,Chalcophaps indica
2019,Chalcophaps indica
2019,Ninox japonica
2019,Zosterops simplex
2019,Chalcophaps indica
2019,Psilopogon nuchalis
2019,Psilopogon nuchalis
2019,Chalcophaps indica
2019,Passer montanus
2019,Columba livia
2019,Psilopogon nuchalis
2019,Streptopelia tranquebarica
2019,Streptopelia tranquebarica
2019,Streptopelia chinensis
2019,Accipiter soloensis
2019,Psilopogon nuchalis
2019,Chalcophaps indica
2019,Halcyon coromanda
2019,Halcyon coromanda
2019,Chalcophaps indica
2019,Gorsachius melanolophus
2019,Lanius cristatus
2019,Alcedo atthis
2019,Psilopogon nuchalis
2019,Pycnonotus sinensis
2019,Alcedo atthis
2019,Chalcophaps indica
2019,Chalcophaps indica
2019,Psilopogon nuchalis
2019,Psilopogon nuchalis
2019,Phylloscopus borealis complex
2019,Psilopogon nuchalis
2019,Halcyon coromanda
2019,Cuculus poliocephalus
2019,Psilopogon nuchalis
2019,Alcedo atthis
2019,Psilopogon nuchalis
2019,Alcedo atthis
2019,Halcyon coromanda
2019,Halcyon coromanda
2019,Chalcophaps indica
2019,Acridotheres javanicus
2019,Halcyon coromanda
2019,Accipiter trivirgatus
2019,Psilopogon nuchalis
2019,Chalcophaps indica
2019,Zosterops simplex
2019,Pycnonotus sinensis
2019,Pycnonotus sinensis
2019,Pycnonotus sinensis
2019,Cecropis striolata
2019,Passer montanus
2019,Zosterops simplex
2019,Sturnia sinensis
2019,Streptopelia chinensis
2019,Pycnonotus sinensis
2019,Turnix suscitator
2019,Lonchura punctulata
2019,Prinia inornata
2019,Treron sieboldii
2019,Turnix suscitator
2019,Psilopogon nuchalis
2019,Chalcophaps indica
2019,Chalcophaps indica
2019,Chalcophaps indica
2019,Chalcophaps indica
2019,Chalcophaps indica
2019,Passer montanus
2019,Nycticorax nycticorax
2019,Halcyon coromanda
2019,Alcedo atthis
2019,Ninox japonica
2019,Phasianus colchicus
2019,Chalcophaps indica
2019,Passer montanus
2019,Treron sieboldii
2019,Psilopogon nuchalis
2019,Chalcophaps indica
2019,Chalcophaps indica
2019,Zosterops simplex
2019,Chalcophaps indica
2019,Hirundo rustica
2019,Alcedo atthis
2019,Streptopelia orientalis
2019,Streptopelia chinensis
2019,Amaurornis phoenicurus
2019,Passer montanus
2019,Zosterops simplex
2019,Psilopogon nuchalis
2019,Streptopelia orientalis
2019,Alcedo atthis
2019,Streptopelia orientalis
2019,Streptopelia tranquebarica
2019,Streptopelia orientalis
2019,Identified to Class: Aves
2019,Passer montanus
2019,Psilopogon nuchalis
2019,Streptopelia tranquebarica
2019,Chalcophaps indica
2019,Passer montanus
2019,Streptopelia orientalis
2019,Chalcophaps indica
2019,Streptopelia chinensis
2019,Accipiter trivirgatus
2019,Chalcophaps indica
2019,Passer montanus
2019,Aplonis panayensis
2019,Streptopelia orientalis
2019,Gorsachius melanolophus
2019,Psilopogon nuchalis
2019,Accipiter trivirgatus
2019,Aplonis panayensis
2019,Streptopelia tranquebarica
2019,Heterophasia auricularis
2019,Alcedo atthis
2019,Chalcophaps indica
2019,Identified to Class: Aves
2019,Bambusicola sonorivox
2019,Alcedo atthis
2019,Alcedo atthis
2019,Lanius cristatus
2019,Lanius cristatus
2019,Streptopelia orientalis
2019,Streptopelia chinensis
2019,Alcedo atthis
2019,Treron sieboldii
2019,Psilopogon nuchalis
2019,Psilopogon nuchalis
2019,Accipiter soloensis
2019,Psilopogon nuchalis
2019,Alcedo atthis
2019,Psilopogon nuchalis
2019,Passer montanus
2019,Passer montanus
2019,Accipiter soloensis
2019,Zoothera aurea
2019,Hypsipetes leucocephalus
2019,Zoothera aurea
2019,Lanius cristatus
2019,Hypsipetes leucocephalus
2019,Psilopogon nuchalis
2019,Accipiter trivirgatus
2019,Alcedo atthis
2019,Locustella ochotensis
2019,Phylloscopus borealis complex
2019,Phylloscopus borealis
2019,Pycnonotus sinensis
2019,Phylloscopus borealis complex
2019,Halcyon coromanda
2019,Chalcophaps indica
2019,Psilopogon nuchalis
2019,Psilopogon nuchalis
2019,Hypsipetes leucocephalus
2019,Accipiter trivirgatus
2019,Acridotheres javanicus
2019,Chalcophaps indica
2019,Accipiter trivirgatus
2019,Psilopogon nuchalis
2019,Niltava vivida
2019,Chalcophaps indica
2019,Psilopogon nuchalis
2019,Psilopogon nuchalis
2019,Streptopelia orientalis
2019,Streptopelia orientalis
2019,Alcedo atthis
2019,Streptopelia orientalis
2019,Otus spilocephalus
2019,Streptopelia chinensis
2019,Psilopogon nuchalis
2019,Streptopelia tranquebarica
2019,Lonchura punctulata
2019,Phasianus colchicus
2019,Streptopelia orientalis
2019,Accipiter trivirgatus
2019,Streptopelia orientalis
2019,Alcedo atthis
2019,Aplonis panayensis
2019,Scolopax rusticola
2019,Passer montanus
2019,Monticola solitarius
2019,Myiomela leucura
2019,Dendrocitta formosae
2019,Zosterops simplex
2019,Urosphena squameiceps
2019,Zoothera aurea
2019,Ninox japonica
2019,Psilopogon nuchalis
2019,Accipiter virgatus
2019,Streptopelia tranquebarica
2019,Accipiter virgatus
2019,Streptopelia tranquebarica
2019,Accipiter trivirgatus
2019,Psilopogon nuchalis
2019,Accipiter trivirgatus
2019,Passer montanus
2019,Zoothera aurea
2019,Streptopelia chinensis
2019,Chalcophaps indica
2019,Accipiter trivirgatus
2019,Zoothera aurea
2019,Streptopelia orientalis
2019,Chalcophaps indica
2019,Passer montanus
2019,Accipiter virgatus
2019,Zoothera aurea
2019,Heterophasia auricularis
2019,Psilopogon nuchalis
2019,Streptopelia chinensis
2019,Accipiter trivirgatus
2019,Turdus chrysolaus
2019,Turdus pallidus
2019,Turdus pallidus
2019,Turdus pallidus
2019,Turdus pallidus
2019,Turdus pallidus
2019,Chalcophaps indica
2019,Zoothera dauma
2019,Zoothera aurea
2019,Streptopelia orientalis
2019,Turdus pallidus
2019,Psilopogon nuchalis
2019,Psilopogon nuchalis
2019,Zoothera sp.
2019,Zoothera aurea
2019,Pycnonotus sinensis
2019,Chalcophaps indica
2019,Passer montanus
2019,Turdus chrysolaus
2019,Passer montanus
2019,Treron sieboldii
2019,Chalcophaps indica
2019,Alcedo atthis
2019,Psilopogon nuchalis
2019,Psilopogon nuchalis
2019,Psilopogon nuchalis
2019,Psilopogon nuchalis
2019,Zoothera aurea
2019,Zoothera aurea
2019,Turdus pallidus
2019,Alcedo atthis
2019,Chalcophaps indica
2019,Lonchura punctulata
2019,Accipiter trivirgatus
2019,Accipiter trivirgatus
2019,Gorsachius melanolophus
2019,Chalcophaps indica
2019,Streptopelia tranquebarica
2019,Zosterops simplex
2019,Psilopogon nuchalis
2019,Turdus pallidus
2019,Zosterops simplex
2019,Chalcophaps indica
2020,Copsychus malabaricus
2020,Pycnonotus sinensis
2020,Chalcophaps indica
2020,Psilopogon nuchalis
2020,Aplonis panayensis
2020,Streptopelia tranquebarica
2020,Turdus pallidus
2020,Pycnonotus sinensis
2020,Turdus pallidus
2020,Turdus pallidus
2020,Zoothera aurea
2020,Gorsachius melanolophus
2020,Glaucidium brodiei
2020,Glaucidium brodiei
2020,Turdus pallidus
2020,Psilopogon nuchalis
2020,Chalcophaps indica
2020,Psilopogon nuchalis
2020,Accipiter gularis
2020,Accipiter trivirgatus
2020,Pycnonotus sinensis
2020,Turdus pallidus
2020,Accipiter trivirgatus
2020,Zosterops simplex
2020,Accipiter trivirgatus
2020,Streptopelia sp.
2020,Alcedo atthis
2020,Streptopelia sp.
2020,Phasianus colchicus
2020,Turdus pallidus
2020,Identified to Family: Columbidae
2020,Psilopogon nuchalis
2020,Pycnonotus sinensis
2020,Psilopogon nuchalis
2020,Accipiter trivirgatus
2020,Chalcophaps indica
2020,Streptopelia orientalis
2020,Streptopelia chinensis
2020,Zoothera aurea
2020,Alcedo atthis
2020,Phasianus colchicus
2020,Turdus chrysolaus
2020,Hypsipetes leucocephalus
2020,Zoothera dauma
2020,Myiomela leucura
2020,Psilopogon nuchalis
2020,Chalcophaps indica
2020,Phylloscopus fuscatus
2020,Chalcophaps indica
2020,Copsychus malabaricus
2020,Psilopogon nuchalis
2020,Myophonus insularis
2020,Psilopogon nuchalis
2020,Zoothera aurea
2020,Turdus pallidus
2020,Psilopogon nuchalis
2020,Psilopogon nuchalis
2020,Psilopogon nuchalis
2020,Psilopogon nuchalis
2020,Columba livia
2020,Psilopogon nuchalis
2020,Zosterops simplex
2020,Zosterops simplex
2020,Hypsipetes leucocephalus
2020,Streptopelia tranquebarica
2020,Phasianus colchicus
2020,Streptopelia orientalis
2020,Streptopelia orientalis
2020,Streptopelia chinensis
2020,Psilopogon nuchalis
2020,Hypsipetes leucocephalus
2020,Alcedo atthis
2020,Chalcophaps indica
2020,Hirundo rustica
2020,Hypsipetes leucocephalus
2020,Hirundo rustica
2020,Psilopogon nuchalis
2020,Chalcophaps indica
2020,Hirundo rustica
2020,Lonchura striata
2020,Psilopogon nuchalis
2020,Chalcophaps indica
2020,Accipiter trivirgatus
2020,Scolopax rusticola
2020,Myiomela leucura
2020,Identified to Class: Aves
2020,Lonchura punctulata
2020,Lonchura punctulata
2020,Psilopogon nuchalis
2020,Cuculus poliocephalus
2020,Psilopogon nuchalis
2020,Psilopogon nuchalis
2020,Ninox japonica
2020,Bombycilla japonica
2020,Passer montanus
2020,Calliope calliope
2020,Niltava vivida
2020,Niltava vivida
2020,Accipiter virgatus
2020,Streptopelia tranquebarica
2020,Bombycilla japonica
2020,Bombycilla japonica
2020,Hierococcyx sparverioides
2020,Psilopogon nuchalis
2020,Turdus pallidus
2020,Pycnonotus sinensis
2020,Ficedula narcissina
2020,Hypsipetes leucocephalus
2020,Pitta nympha
2020,Zosterops simplex
2020,Accipiter trivirgatus
2020,Bambusicola sonorivox
2020,Bambusicola sonorivox
2020,Psilopogon nuchalis
2020,Myophonus insularis
2020,Halcyon coromanda
2020,Psilopogon nuchalis
2020,Passer montanus
2020,Treron sieboldii
2020,Pycnonotus sinensis
2020,Bombycilla japonica
2020,Halcyon coromanda
2020,Cuculus sp.
2020,Chalcophaps indica
2020,Gorsachius melanolophus
2020,Chalcophaps indica
2020,Treron sieboldii
2020,Treron sieboldii
2020,Psilopogon nuchalis
2020,Alcedo atthis
2020,Pitta nympha
2020,Identified to Family: Columbidae
2020,Chalcophaps indica
2020,Alcedo atthis
2020,Psilopogon nuchalis
2020,Halcyon coromanda
2020,Identified to Family: Columbidae
2020,Passer montanus
2020,Psilopogon nuchalis
2020,Passer montanus
2020,Streptopelia chinensis
2020,Zosterops simplex
2020,Pitta nympha
2020,Passer montanus
2020,Passer montanus
2020,Psilopogon nuchalis
2020,Psilopogon nuchalis
2020,Chalcophaps indica
2020,Copsychus malabaricus
2020,Psilopogon nuchalis
2020,Passer montanus
2020,Pycnonotus sinensis
2020,Chalcophaps indica
2020,Psilopogon nuchalis
2020,Dendrocitta formosae
2020,Chlidonias hybrida
2020,Turdus mandarinus
2020,Cuculus optatus
2020,Halcyon coromanda
2020,Passer montanus
2020,Cuculus optatus
2020,Streptopelia chinensis
2020,Cuculus optatus
2020,Alcedo atthis
2020,Chalcophaps indica
2020,Dendrocitta formosae
2020,Passer montanus
2020,Columba livia
2020,Aplonis panayensis
2020,Myophonus caeruleus
2020,Pitta nympha
2020,Chalcophaps indica
2020,Chalcophaps indica
2020,Pernis ptilorhynchus
2020,Streptopelia chinensis
2020,Acridotheres tristis
2020,Niltava vivida
2020,Streptopelia orientalis
2020,Alcedo atthis
2020,Motacilla alba
2020,Motacilla alba
2020,Passer montanus
2020,Gorsachius melanolophus
2020,Passer montanus
2020,Psilopogon nuchalis
2020,Psilopogon nuchalis
2020,Streptopelia orientalis
2020,Chalcophaps indica
2020,Copsychus malabaricus
2020,Alcedo atthis
2020,Pycnonotus sinensis
2020,Hirundo rustica
2020,Zosterops simplex
2020,Streptopelia orientalis
2020,Passer montanus
2020,Psilopogon nuchalis
2020,Identified to Class: Aves
2020,Pyrrhula erythaca
2020,Passer montanus
2020,Alcedo atthis
2020,Alcedo atthis
2020,Streptopelia orientalis
2020,Chalcophaps indica
2020,Chalcophaps indica
2020,Alcedo atthis
2020,Accipiter trivirgatus
2020,Chalcophaps indica
2020,Chalcophaps indica
2020,Chalcophaps indica
2020,Prinia inornata
2020,Prinia inornata
2020,Accipiter trivirgatus
2020,Accipiter trivirgatus
2020,Alcedo atthis
2020,Accipiter trivirgatus
2020,Alcedo atthis
2020,Accipiter virgatus
2020,Alcedo atthis
2020,Psilopogon nuchalis
2020,Chalcophaps indica
2020,Chalcophaps indica
2020,Accipiter trivirgatus
2020,Otus spilocephalus
2020,Streptopelia orientalis
2020,Lonchura striata
2020,Streptopelia chinensis
2020,Hypsipetes leucocephalus
2020,Streptopelia chinensis
2020,Identified to Class: Aves
2020,Chalcophaps indica
2020,Passer montanus
2020,Chalcophaps indica
2020,Chalcophaps indica
2020,Chalcophaps indica
2020,Psilopogon nuchalis
2020,Psilopogon nuchalis
2020,Chalcophaps indica
2020,Accipiter trivirgatus
2020,Chalcophaps indica
2020,Aplonis panayensis
2020,Passer montanus
2020,Hypsipetes leucocephalus
2020,Psilopogon nuchalis
2020,Accipiter trivirgatus
2020,Psilopogon nuchalis
2020,Pycnonotus sinensis
2020,Psilopogon nuchalis
2020,Treron sieboldii
2020,Pycnonotus sinensis
2020,Psilopogon nuchalis
2020,Chalcophaps indica
2020,Accipiter trivirgatus
2020,Psilopogon nuchalis
2020,Phylloscopus borealis complex
2020,Chalcophaps indica
2020,Streptopelia chinensis
2020,Streptopelia tranquebarica
2020,Arborophila crudigularis
2020,Alcedo atthis
2020,Aplonis panayensis
2020,Pycnonotus sinensis
2020,Streptopelia orientalis
2020,Psilopogon nuchalis
2020,Alcedo atthis
2020,Chalcophaps indica
2020,Accipiter soloensis
2020,Alcedo atthis
2020,Alcedo atthis
2020,Accipiter gularis
2020,Accipiter virgatus
2020,Psilopogon nuchalis
2020,Alcedo atthis
2020,Pitta nympha
2020,Motacilla cinerea
2020,Aplonis panayensis
2020,Accipiter soloensis
2020,Myophonus insularis
2020,Myophonus insularis
2020,Passer montanus
2020,Hierococcyx sparverioides
2020,Turdus pallidus
2020,Cyanoptila cyanomelana
2020,Chalcophaps indica
2020,Pycnonotus sinensis
2020,Treron sieboldii
2020,Accipiter trivirgatus
2020,Phylloscopus fuscatus
2020,Psilopogon nuchalis
2020,Monticola solitarius
2020,Phylloscopus fuscatus
2020,Phylloscopus borealis complex
2020,Alcedo atthis
2020,Muscicapa dauurica
2020,Pycnonotus sinensis
2020,Otus lettia
2020,Accipiter soloensis
2020,Halcyon coromanda
2020,Halcyon coromanda
2020,Halcyon coromanda
2020,Psilopogon nuchalis
2020,Phylloscopus borealis complex
2020,Halcyon coromanda
2020,Motacilla cinerea
2020,Motacilla alba
2020,Pycnonotus sinensis
2020,Treron sieboldii
2020,Psilopogon nuchalis
2020,Chalcophaps indica
2020,Chalcophaps indica
2020,Psilopogon nuchalis
2020,Streptopelia chinensis
2020,Phylloscopus borealis complex
2020,Psilopogon nuchalis
2020,Aplonis panayensis
2020,Cuculus optatus
2020,Alcedo atthis
2020,Streptopelia chinensis
2020,Lonchura punctulata
2020,Cuculus optatus
2020,Accipiter trivirgatus
2020,Psilopogon nuchalis
2020,Streptopelia chinensis
2020,Psilopogon nuchalis
2020,Accipiter trivirgatus
2020,Streptopelia orientalis
2020,Streptopelia sp.
2020,Identified to Order: Accipitriformes
2020,Chalcophaps indica
2020,Hypsipetes leucocephalus
2020,Alcedo atthis
2020,Psilopogon nuchalis
2020,Chalcophaps indica
2020,Glaucidium brodiei
2020,Locustella ochotensis
2020,Myiomela leucura
2020,Streptopelia tranquebarica
2020,Treron sieboldii
2020,Chalcophaps indica
2020,Turdus pallidus
2020,Pycnonotus sinensis
2020,Pycnonotus sinensis
2020,Dendrocitta formosae
2020,Phasianus colchicus
2020,Chalcophaps indica
2020,Scolopax rusticola
2020,Myiomela leucura
2020,Pycnonotus sinensis
2020,Chalcophaps indica
2020,Psilopogon nuchalis
2020,Cyanoderma ruficeps
2020,Psilopogon nuchalis
2020,Psilopogon nuchalis
2020,Chalcophaps indica
2020,Psilopogon nuchalis
2020,Calliope calliope
2020,Zoothera dauma
2020,Turdus pallidus
2020,Lalage melaschistos
2020,Calliope calliope
2020,Zoothera aurea
2020,Pycnonotus sinensis
2020,Turdus pallidus
2020,Turdus cardis
2020,Sitta europaea
2020,Hypsipetes leucocephalus
2020,Calliope calliope
2020,Passer montanus
2020,Lanius cristatus
2020,Psilopogon nuchalis
2020,Streptopelia chinensis
2020,Identified to Family: Columbidae
2020,Streptopelia chinensis
2020,Psilopogon nuchalis
2020,Pycnonotus sinensis
2020,Myiomela leucura
2020,Turdus chrysolaus
2020,Turdus pallidus
2020,Turdus chrysolaus
2020,Turdus pallidus
2020,Identified to Family: Turdidae
2020,Accipiter virgatus
2020,Alcedo atthis
2020,Streptopelia chinensis
2020,Turdus chrysolaus
2020,Chalcophaps indica
2020,Psilopogon nuchalis
2020,Psilopogon nuchalis
2020,Turdus obscurus
2020,Accipiter trivirgatus
2020,Ninox japonica
2020,Pycnonotus taivanus
2020,Turdus chrysolaus
2020,Turdus pallidus
2020,Psilopogon nuchalis
2020,Streptopelia orientalis
2020,Accipiter gularis
2020,Turdus chrysolaus
2020,Pycnonotus sinensis
2020,Alcedo atthis
2020,Zoothera dauma
2020,Turdus chrysolaus
2020,Psilopogon nuchalis
2020,Chalcophaps indica
2020,Turdus chrysolaus
2020,Psilopogon nuchalis
2020,Phasianus colchicus
2020,Psilopogon nuchalis
2020,Psilopogon nuchalis
2020,Streptopelia chinensis
2020,Zoothera aurea
2020,Streptopelia chinensis
2020,Psilopogon nuchalis
2020,Turdus pallidus
2020,Zosterops simplex
2020,Streptopelia chinensis
2020,Pycnonotus sinensis
2020,Glaucidium brodiei
2020,Turdus pallidus
2020,Turdus chrysolaus
2020,Psilopogon nuchalis
2020,Accipiter trivirgatus
2020,Streptopelia chinensis
2020,Turdus pallidus
2020,Accipiter trivirgatus
2020,Pycnonotus sinensis
2020,Columba livia
2020,Psilopogon nuchalis
2020,Pycnonotus taivanus
2020,Accipiter trivirgatus
2020,Accipiter trivirgatus
2020,Psilopogon nuchalis
2020,Psilopogon nuchalis
2020,Streptopelia chinensis
2020,Pycnonotus sinensis
2020,Psilopogon nuchalis
2020,Zosterops simplex
2020,Glaucidium brodiei
2020,Psilopogon nuchalis
2020,Psilopogon nuchalis
2020,Hypsipetes leucocephalus
2020,Streptopelia chinensis
2020,Zoothera aurea
2020,Zoothera aurea
2020,Zoothera dauma
2020,Zoothera dauma
2020,Streptopelia tranquebarica
2020,Psilopogon nuchalis
2020,Streptopelia chinensis
2020,Pomatorhinus musicus
2020,Hypsipetes leucocephalus
2020,Lanius cristatus
2020,Prinia inornata
2020,Psilopogon nuchalis
2020,Psilopogon nuchalis
2021,Egretta garzetta
2021,Glaucidium brodiei
2021,Zoothera dauma
2021,Turdus chrysolaus
2021,Psilopogon nuchalis
2021,Psilopogon nuchalis
2021,Streptopelia chinensis
2021,Psilopogon nuchalis
2021,Treron sieboldii
2021,Zoothera aurea
2021,Psilopogon nuchalis
2021,Glaucidium brodiei
2021,Psilopogon nuchalis
2021,Streptopelia orientalis
2021,Zoothera aurea
2021,Hypsipetes leucocephalus
2021,Psilopogon nuchalis
2021,Chalcophaps indica
2021,Streptopelia orientalis
2021,Monticola solitarius
2021,Streptopelia orientalis
2021,Ninox japonica
2021,Psilopogon nuchalis
2021,Phoenicurus fuliginosus
2021,Turdus chrysolaus
2021,Turdus pallidus
2021,Streptopelia tranquebarica
2021,Accipiter trivirgatus
2021,Monticola solitarius
2021,Streptopelia chinensis
2021,Streptopelia chinensis
2021,Psilopogon nuchalis
2021,Turdus pallidus
2021,Zoothera aurea
2021,Zoothera aurea
2021,Glaucidium brodiei
2021,Passer montanus
2021,Psilopogon nuchalis
2021,Motacilla cinerea
2021,Alcedo atthis
2021,Zoothera aurea
2021,Psilopogon nuchalis
2021,Lanius cristatus
2021,Psilopogon nuchalis
2021,Treron sieboldii
2021,Hypsipetes leucocephalus
2021,Turdus pallidus
2021,Accipiter trivirgatus
2021,Psilopogon nuchalis
2021,Accipiter trivirgatus
2021,Streptopelia chinensis
2021,Turdus pallidus
2021,Accipiter nisus
2021,Psilopogon nuchalis
2021,Passer montanus
2021,Psilopogon nuchalis
2021,Psilopogon nuchalis
2021,Accipiter trivirgatus
2021,Ninox japonica
2021,Lonchura punctulata
2021,Psilopogon nuchalis
2021,Psilopogon nuchalis
2021,Psilopogon nuchalis
2021,Psilopogon nuchalis
2021,Psilopogon nuchalis
2021,Psilopogon nuchalis
2021,Chalcophaps indica
2021,Accipiter trivirgatus
2021,Identified to Order: Passeriformes
2021,Psilopogon nuchalis
2021,Alcedo atthis
2021,Psilopogon nuchalis
2021,Psilopogon nuchalis
2021,Turdus chrysolaus
2021,Streptopelia chinensis
2021,Accipiter trivirgatus
2021,Pycnonotus sinensis
2021,Psilopogon nuchalis
2021,Streptopelia chinensis
2021,Chalcophaps indica
2021,Psilopogon nuchalis
2021,Streptopelia tranquebarica
2021,Acridotheres tristis
2021,Accipiter trivirgatus
2021,Streptopelia chinensis
2021,Psilopogon nuchalis
2021,Myiomela leucura
2021,Psilopogon nuchalis
2021,Streptopelia tranquebarica
2021,Psilopogon nuchalis
2021,Accipiter trivirgatus
2021,Psilopogon nuchalis
2021,Myiomela leucura
2021,Identified to Family: Columbidae
2021,Streptopelia tranquebarica
2021,Hypsipetes leucocephalus
2021,Streptopelia chinensis
2021,Psilopogon nuchalis
2021,Aplonis panayensis
2021,Columba livia
2021,Psilopogon nuchalis
2021,Turdus pallidus
2021,Streptopelia orientalis
2021,Accipiter trivirgatus
2021,Aplonis panayensis
2021,Phoenicurus auroreus
2021,Zosterops simplex
2021,Aplonis panayensis
2021,Streptopelia chinensis
2021,Streptopelia chinensis
2021,Psilopogon nuchalis
2021,Psilopogon nuchalis
2021,Streptopelia chinensis
2021,Psilopogon nuchalis
2021,Psilopogon nuchalis
2021,Acridotheres javanicus
2021,Hypsipetes leucocephalus
2021,Psilopogon nuchalis
2021,Alcedo atthis
2021,Phasianus colchicus
2021,Pycnonotus sinensis
2021,Psilopogon nuchalis
2021,Streptopelia chinensis
2021,Psilopogon nuchalis
2021,Accipiter virgatus
2021,Accipiter virgatus
2021,Turdus pallidus
2021,Psilopogon nuchalis
2021,Psilopogon nuchalis
2021,Psilopogon nuchalis
2021,Psilopogon nuchalis
2021,Turdus pallidus
2021,Psilopogon nuchalis
2021,Streptopelia chinensis
2021,Pycnonotus sinensis
2021,Psilopogon nuchalis
2021,Streptopelia chinensis
2021,Turdus pallidus
2021,Alcedo atthis
2021,Psilopogon nuchalis
2021,Alcedo atthis
2021,Chalcophaps indica
2021,Streptopelia chinensis
2021,Columba livia
2021,Psilopogon nuchalis
2021,Glaucidium brodiei
2021,Chalcophaps indica
2021,Psilopogon nuchalis
2021,Identified to Class: Aves
2021,Hypsipetes leucocephalus
2021,Caprimulgus affinis
2021,Psilopogon nuchalis
2021,Otus lettia
2021,Passer montanus
2021,Streptopelia tranquebarica
2021,Passer montanus
2021,Psilopogon nuchalis
2021,Psilopogon nuchalis
2021,Psilopogon nuchalis
2021,Psilopogon nuchalis
2021,Chalcophaps indica
2021,Psilopogon nuchalis
2021,Pycnonotus sinensis
2021,Chalcophaps indica
2021,Streptopelia chinensis
2021,Pycnonotus sinensis
2021,Psilopogon nuchalis
2021,Chalcophaps indica
2021,Streptopelia chinensis
2021,Lonchura striata
2021,Psilopogon nuchalis
2021,Psilopogon nuchalis
2021,Psilopogon nuchalis
2021,Hypothymis azurea
2021,Psilopogon nuchalis
2021,Psilopogon nuchalis
2021,Accipiter virgatus
2021,Nycticorax nycticorax
2021,Pycnonotus taivanus
2021,Halcyon coromanda
2021,Halcyon coromanda
2021,Identified to Family: Acrocephalidae
2021,Alcedo atthis
2021,Psilopogon nuchalis
2021,Chalcophaps indica
2021,Passer montanus
2021,Alcedo atthis
2021,Alcedo atthis
2021,Streptopelia chinensis
2021,Chalcophaps indica
2021,Alcedo atthis
2021,Passer montanus
2021,Halcyon coromanda
2021,Psilopogon nuchalis
2021,Halcyon coromanda
2021,Halcyon coromanda
2021,Hierococcyx sparverioides
2021,Streptopelia chinensis
2021,Pitta nympha
2021,Accipiter trivirgatus
2021,Psilopogon nuchalis
2021,Psilopogon nuchalis
2021,Zosterops simplex
2021,Cuculus optatus
2021,Cuculus optatus
2021,Passer montanus
2021,Pycnonotus sinensis
2021,Chalcophaps indica
2021,Pycnonotus sinensis
2021,Alcedo atthis
2021,Psilopogon nuchalis
2021,Halcyon coromanda
2021,Chalcophaps indica
2021,Psilopogon nuchalis
2021,Psilopogon nuchalis
2021,Butastur indicus
2021,Hirundo tahitica
2021,Psilopogon nuchalis
2021,Alcedo atthis
2021,Halcyon coromanda
2021,Chalcophaps indica
2021,Psilopogon nuchalis
2021,Pycnonotus sinensis
2021,Pitta nympha
2021,Chalcophaps indica
2021,Streptopelia orientalis
2021,Chalcophaps indica
2021,Chalcophaps indica
2021,Pycnonotus sinensis
2021,Streptopelia tranquebarica
2021,Pycnonotus sinensis
2021,Chalcophaps indica
2021,Ceyx erithaca
2021,Alcedo atthis
2021,Acridotheres javanicus
2021,Psilopogon nuchalis
2021,Passer montanus
2021,Identified to Family: Columbidae
2021,Streptopelia orientalis
2021,Streptopelia orientalis
2021,Urocissa caerulea
2021,Pycnonotus sinensis
2021,Psilopogon nuchalis
2021,Psilopogon nuchalis
2021,Psilopogon nuchalis
2021,Psilopogon nuchalis
2021,Chalcophaps indica
2021,Pycnonotus sinensis
2021,Chalcophaps indica
2021,Copsychus malabaricus
2021,Streptopelia orientalis
2021,Psilopogon nuchalis
2021,Chalcophaps indica
2021,Alcedo atthis
2021,Clamator coromandus
2021,Streptopelia tranquebarica
2021,Psilopogon nuchalis
2021,Psilopogon nuchalis
2021,Acridotheres javanicus
2021,Copsychus malabaricus
2021,Psilopogon nuchalis
2021,Psilopogon nuchalis
2021,Psilopogon nuchalis
2021,Copsychus malabaricus
2021,Chalcophaps indica
2021,Accipiter trivirgatus
2021,Passer montanus
2021,Psilopogon nuchalis
2021,Chalcophaps indica
2021,Chalcophaps indica
2021,Psilopogon nuchalis
2021,Chalcophaps indica
2021,Zosterops simplex
2021,Psilopogon nuchalis
2021,Psilopogon nuchalis
2021,Zosterops simplex
2021,Psilopogon nuchalis
2021,Zosterops simplex
2021,Streptopelia chinensis
2021,Psilopogon nuchalis
2021,Chalcophaps indica
2021,Lonchura punctulata
2021,Lonchura punctulata
2021,Zosterops simplex
2021,Gracupica nigricollis
2021,Chalcophaps indica
2021,Chalcophaps indica
2021,Accipiter virgatus
2021,Chalcophaps indica
2021,Alcedo atthis
2021,Zosterops simplex
2021,Pitta nympha
2021,Passer montanus
2021,Streptopelia chinensis
2021,Identified to Family: Ardeidae
2021,Psilopogon nuchalis
2021,Euodice malabarica
2021,Pycnonotus sinensis
2021,Acridotheres javanicus
2021,Eophona migratoria
2021,Passer montanus
2021,Pycnonotus taivanus
2021,Psilopogon nuchalis
2021,Psilopogon nuchalis
2021,Streptopelia chinensis
2021,Zosterops simplex
2021,Alcedo atthis
2021,Accipiter trivirgatus
2021,Columba livia
2021,Zosterops simplex
2021,Accipiter trivirgatus
2021,Streptopelia chinensis
2021,Lonchura punctulata
2021,Accipiter virgatus
2021,Zosterops simplex
2021,Chalcophaps indica
2021,Psilopogon nuchalis
2021,Chalcophaps indica
2021,Psilopogon nuchalis
2021,Psilopogon nuchalis
2021,Accipiter virgatus
2021,Psilopogon nuchalis
2021,Accipiter trivirgatus
2021,Zosterops simplex
2021,Turdus mandarinus
2021,Accipiter trivirgatus
2021,Pycnonotus sinensis
2021,Otus lettia
2021,Psilopogon nuchalis
2021,Zosterops simplex
2021,Aplonis panayensis
2021,Aplonis panayensis
2021,Psilopogon nuchalis
2021,Psilopogon nuchalis
2021,Accipiter trivirgatus
2021,Streptopelia orientalis
2021,Passer montanus
2021,Streptopelia chinensis
2021,Passer montanus
2021,Chalcophaps indica
2021,Streptopelia chinensis
2021,Accipiter virgatus
2021,Pycnonotus sinensis
2021,Streptopelia orientalis
2021,Streptopelia orientalis
2021,Accipiter trivirgatus
2021,Psilopogon nuchalis
2021,Psilopogon nuchalis
2021,Urocissa caerulea
2021,Urocissa caerulea
2021,Accipiter trivirgatus
2021,Streptopelia orientalis
2021,Psilopogon nuchalis
2021,Psilopogon nuchalis
2021,Psilopogon nuchalis
2021,Chalcophaps indica
2021,Psilopogon nuchalis
2021,Columba livia
2021,Rostratula benghalensis
2021,Streptopelia chinensis
2021,Lonchura punctulata
2021,Clamator coromandus
2021,Streptopelia orientalis
2021,Streptopelia chinensis
2021,Dendrocitta formosae
2021,Identified to Family: Columbidae
2021,Chalcophaps indica
2021,Psilopogon nuchalis
2021,Accipiter trivirgatus
2021,Streptopelia chinensis
2021,Streptopelia orientalis
2021,Passer montanus
2021,Accipiter trivirgatus
2021,Identified to Family: Columbidae
2021,Hypsipetes leucocephalus
2021,Alcedo atthis
2021,Identified to Class: Aves
2021,Streptopelia orientalis
2021,Streptopelia orientalis
2021,Arborophila crudigularis
2021,Dendrocitta formosae
2021,Accipiter trivirgatus
2021,Chalcophaps indica
2021,Psilopogon nuchalis
2021,Zosterops simplex
2021,Psilopogon nuchalis
2021,Pycnonotus sinensis
2021,Passer montanus
2021,Streptopelia chinensis
2021,Streptopelia tranquebarica
2021,Cacomantis merulinus
2021,Alcedo atthis
2021,Acridotheres tristis
2021,Acridotheres tristis
2021,Pycnonotus sinensis
2021,Accipiter trivirgatus
2021,Alcedo atthis
2021,Turdus niveiceps
2021,Accipiter trivirgatus
2021,Accipiter virgatus
2021,Zosterops simplex
2021,Passer montanus
2021,Locustella fasciolata
2021,Psilopogon nuchalis
2021,Halcyon coromanda
2021,Chalcophaps indica
2021,Identified to Family: Columbidae
2021,Otus lettia
2021,Accipiter soloensis
2021,Lanius cristatus
2021,Chalcophaps indica
2021,Chalcophaps indica
2021,Zosterops simplex
2021,Pycnonotus sinensis
2021,Phylloscopus coronatus
2021,Pitta nympha
2021,Lanius cristatus
2021,Cuculus optatus
2021,Cyanoptila cyanomelana
2021,Treron sieboldii
2021,Identified to Family: Columbidae
2021,Halcyon coromanda
2021,Heterophasia auricularis
2021,Halcyon coromanda
2021,Accipiter trivirgatus
2021,Zosterops simplex
2021,Ninox japonica
2021,Ninox japonica
2021,Streptopelia tranquebarica
2021,Halcyon coromanda
2021,Streptopelia chinensis
2021,Lanius cristatus
2021,Phasianus colchicus
2021,Psilopogon nuchalis
2021,Dendrocitta formosae
2021,Zosterops simplex
2021,Chalcophaps indica
2021,Accipiter trivirgatus
2021,Streptopelia chinensis
2021,Streptopelia orientalis
2021,Streptopelia orientalis
2021,Psilopogon nuchalis
2021,Lanius cristatus
2021,Monticola gularis
2021,Motacilla cinerea
2021,Treron sieboldii
2021,Identified to Family: Columbidae
2021,Identified to Class: Aves
2021,Psilopogon nuchalis
2021,Streptopelia orientalis
2021,Accipiter trivirgatus
2021,Psilopogon nuchalis
2021,Bubulcus ibis
2021,Psilopogon nuchalis
2021,Halcyon coromanda
2021,Streptopelia orientalis
2021,Columba livia
2021,Alcedo atthis
2021,Aplonis panayensis
2021,Regulus goodfellowi
2021,Pica serica
2021,Lonchura punctulata
2021,Phylloscopus borealis complex
2021,Phylloscopus borealis complex
2021,Streptopelia orientalis
2021,Accipiter virgatus
2021,Streptopelia chinensis
2021,Accipiter trivirgatus
2021,Psilopogon nuchalis
2021,Dendrocitta formosae
2021,Psilopogon nuchalis
2021,Phylloscopus borealis complex
2021,Psilopogon nuchalis
2021,Phylloscopus borealis complex
2021,Pycnonotus sinensis
2021,Pycnonotus sinensis
2021,Aplonis panayensis
2021,Streptopelia tranquebarica
2021,Streptopelia chinensis
2021,Streptopelia chinensis
2021,Psilopogon nuchalis
2021,Monticola solitarius
2021,Alcedo atthis
2021,Aplonis panayensis
2021,Streptopelia orientalis
2021,Lonchura punctulata
2021,Psilopogon nuchalis
2021,Streptopelia chinensis
2021,Psilopogon nuchalis
2021,Psilopogon nuchalis
2021,Dendrocitta formosae
2021,Otus lettia
2021,Psilopogon nuchalis
2021,Treron sieboldii
2021,Psilopogon nuchalis
2021,Streptopelia chinensis
2021,Otus lettia
2021,Alcedo atthis
2021,Passer montanus
2021,Identified to Family: Columbidae
2021,Identified to Class: Aves
2021,Identified to Class: Aves
2021,Pycnonotus sinensis
2021,Streptopelia chinensis
2021,Psilopogon nuchalis
2021,Psilopogon nuchalis
2021,Passer montanus
2021,Chalcophaps indica
2021,Dendrocitta formosae
2021,Chalcophaps indica
2021,Streptopelia chinensis
2021,Phoenicurus auroreus
2021,Psilopogon nuchalis
2021,Accipiter trivirgatus
2021,Streptopelia chinensis
2021,Psilopogon nuchalis
2021,Pycnonotus sinensis
2021,Lonchura punctulata
2021,Accipiter trivirgatus
2021,Prinia inornata
2021,Calliope calliope
2021,Accipiter trivirgatus
2021,Streptopelia orientalis
2021,Myiomela leucura
2021,Turdus obscurus
2021,Aplonis panayensis
2021,Psilopogon nuchalis
2021,Streptopelia chinensis
2021,Streptopelia tranquebarica
2021,Emberiza chrysophrys
2021,Streptopelia chinensis
2021,Streptopelia tranquebarica
2021,Myiomela leucura
2021,Turdus obscurus
2021,Turdus cardis
2021,Columba livia
2021,Accipiter virgatus
2021,Turdus cardis
2021,Psilopogon nuchalis
2021,Identified to Class: Aves
2021,Identified to Family: Columbidae
2021,Turdus obscurus
2021,Psilopogon nuchalis
2021,Turdus obscurus
2021,Alcedo atthis
2021,Pycnonotus sinensis
2021,Psilopogon nuchalis
2021,Streptopelia chinensis
2021,Turdus obscurus
2021,Psilopogon nuchalis
2021,Psilopogon nuchalis
2021,Accipiter trivirgatus
2021,Turdus cardis
2021,Psilopogon nuchalis
2021,Psilopogon nuchalis
2021,Psilopogon nuchalis
2021,Psilopogon nuchalis
2021,Aplonis panayensis
2021,Aplonis panayensis
2021,Sturnia malabarica
2021,Identified to Family: Columbidae
2021,Accipiter trivirgatus
2021,Turdus chrysolaus
2021,Identified to Family: Columbidae
2021,Lophura swinhoii
2021,Chalcophaps indica
2021,Aplonis panayensis
2021,Psilopogon nuchalis
2021,Ficedula mugimaki
2021,Identified to Family: Columbidae
2021,Streptopelia chinensis
2021,Accipiter trivirgatus
2021,Myophonus insularis
2021,Identified to Class: Aves
2021,Passer montanus
2021,Turdus pallidus
2021,Pycnonotus sinensis
2021,Hypsipetes leucocephalus
2021,Identified to Family: Columbidae
2021,Turdus obscurus
2021,Turdus pallidus
2021,Turdus pallidus
2021,Turdus pallidus
2021,Psilopogon nuchalis
2021,Accipiter trivirgatus
2021,Accipiter trivirgatus
2021,Turdus chrysolaus
2021,Pycnonotus taivanus
2021,Psilopogon nuchalis
2021,Accipiter trivirgatus
2021,Turdus chrysolaus
2021,Psilopogon nuchalis
2021,Identified to Family: Ardeidae
2021,Chalcophaps indica
2021,Streptopelia chinensis
2021,Accipiter trivirgatus
2021,Passer montanus
2021,Dendrocitta formosae
2021,Psilopogon nuchalis
2021,Monticola solitarius
2021,Turdus pallidus
2021,Gorsachius melanolophus
2021,Psilopogon nuchalis
2021,Streptopelia orientalis
2021,Psilopogon nuchalis
2021,Turdus pallidus
2021,Streptopelia orientalis
2021,Pycnonotus sinensis
2021,Turdus pallidus
2021,Falco peregrinus
2021,Psilopogon nuchalis
2021,Alcedo atthis
2021,Psilopogon nuchalis
2021,Psilopogon nuchalis
2021,Psilopogon nuchalis
2021,Psilopogon nuchalis
2021,Monticola solitarius
2021,Psilopogon nuchalis
2021,Psilopogon nuchalis
2021,Accipiter trivirgatus
2021,Turdus chrysolaus
2021,Passer montanus
2021,Turdus pallidus
2021,Pycnonotus sinensis
2021,Turdus mandarinus
2021,Psilopogon nuchalis
2021,Hypsipetes leucocephalus
2021,Phoenicurus auroreus
2021,Zoothera aurea
2021,Psilopogon nuchalis
2021,Psilopogon nuchalis
2021,Turdus chrysolaus
2021,Turdus eunomus
2021,Chalcophaps indica
2021,Zoothera aurea
2021,Streptopelia chinensis
2021,Psilopogon nuchalis
2021,Hypsipetes leucocephalus
2021,Zoothera aurea
2021,Identified to Family: Columbidae
2021,Psilopogon nuchalis
2021,Identified to Family: Columbidae
2021,Psilopogon nuchalis
2021,Psilopogon nuchalis
2021,Streptopelia chinensis
2021,Streptopelia chinensis
2021,Turdus chrysolaus
2021,Psilopogon nuchalis
2021,Aplonis panayensis
2021,Pycnonotus sinensis
2021,Accipiter trivirgatus
2021,Streptopelia orientalis
2021,Accipiter trivirgatus
2021,Identified to Family: Columbidae
2021,Streptopelia tranquebarica
2021,Columba livia
2021,Psilopogon nuchalis
2021,Hypothymis azurea
2021,Turdus chrysolaus
2021,Streptopelia chinensis
2021,Streptopelia chinensis
2021,Streptopelia orientalis
2021,Turdus pallidus
2021,Psilopogon nuchalis
2021,Identified to Family: Columbidae
2021,Accipiter trivirgatus
2021,Psilopogon nuchalis
2021,Hirundo tahitica
2021,Sturnia malabarica
2021,Identified to Family: Columbidae
2021,Psilopogon nuchalis
2021,Identified to Class: Aves
2021,Accipiter virgatus
2021,Psilopogon nuchalis
2021,Streptopelia orientalis
2021,Identified to Family: Columbidae
2021,Psilopogon nuchalis
2021,Accipiter trivirgatus
2021,Psilopogon nuchalis
2021,Phoenicurus auroreus
2021,Psilopogon nuchalis
2021,Psilopogon nuchalis
2021,Psilopogon nuchalis
2021,Psilopogon nuchalis
2021,Chalcophaps indica
2021,Psilopogon nuchalis
2021,Psilopogon nuchalis
2022,Psilopogon nuchalis
2022,Accipiter virgatus
2022,Streptopelia orientalis
2022,Streptopelia chinensis
2022,Psilopogon nuchalis
2022,Psilopogon nuchalis
2022,Streptopelia orientalis
2022,Psilopogon nuchalis
2022,Psilopogon nuchalis
2022,Streptopelia tranquebarica
2022,Streptopelia chinensis
2022,Psilopogon nuchalis
2022,Pycnonotus sinensis
2022,Turdus pallidus
2022,Psilopogon nuchalis
2022,Psilopogon nuchalis
2022,Psilopogon nuchalis
2022,Aplonis panayensis
2022,Columba livia
2022,Psilopogon nuchalis
2022,Psilopogon nuchalis
2022,Psilopogon nuchalis
2022,Accipiter virgatus
2022,Streptopelia orientalis
2022,Psilopogon nuchalis
2022,Hypothymis azurea
2022,Accipiter trivirgatus
2022,Pycnonotus sinensis
2022,Turdus chrysolaus
2022,Zoothera aurea
2022,Streptopelia chinensis
2022,Zoothera aurea
2022,Psilopogon nuchalis
2022,Psilopogon nuchalis
2022,Lonchura striata
2022,Alcedo atthis
2022,Accipiter trivirgatus
2022,Zoothera aurea
2022,Psilopogon nuchalis
2022,Psilopogon nuchalis
2022,Chalcophaps indica
2022,Turdus chrysolaus
2022,Psilopogon nuchalis
2022,Turdus obscurus
2022,Copsychus malabaricus
2022,Hypsipetes leucocephalus
2022,Accipiter trivirgatus
2022,Psilopogon nuchalis
2022,Psilopogon nuchalis
2022,Pycnonotus sinensis
2022,Psilopogon nuchalis
2022,Psilopogon nuchalis
2022,Accipiter trivirgatus
2022,Streptopelia chinensis
2022,Streptopelia chinensis
2022,Identified to Class: Aves
2022,Streptopelia chinensis
2022,Psilopogon nuchalis
2022,Chalcophaps indica
2022,Zosterops simplex
2022,Streptopelia tranquebarica
2022,Monticola solitarius
2022,Streptopelia chinensis
2022,Aplonis panayensis
2022,Zoothera aurea
2022,Streptopelia chinensis
2022,Streptopelia tranquebarica
2022,Turdus pallidus
2022,Zoothera aurea
2022,Muscicapa ferruginea
2022,Chalcophaps indica
2022,Pycnonotus sinensis
2022,Streptopelia orientalis
2022,Passer montanus
2022,Streptopelia chinensis
2022,Lonchura striata
2022,Chalcophaps indica
2022,Accipiter virgatus
2022,Psilopogon nuchalis
2022,Psilopogon nuchalis
2022,Zosterops simplex
2022,Pycnonotus sinensis
2022,Chalcophaps indica
2022,Streptopelia sp.
2022,Psilopogon nuchalis
2022,Psilopogon nuchalis
2022,Passer montanus
2022,Streptopelia orientalis
2022,Phoenicurus auroreus
2022,Psilopogon nuchalis
2022,Psilopogon nuchalis
2022,Zosterops simplex
2022,Psilopogon nuchalis
2022,Pycnonotus sinensis
2022,Myiomela leucura
2022,Streptopelia chinensis
2022,Alcedo atthis
2022,Zosterops simplex
2022,Psilopogon nuchalis
2022,Aplonis panayensis
2022,Hypsipetes leucocephalus
2022,Accipiter trivirgatus
2022,Phasianus colchicus
2022,Accipiter trivirgatus
2022,Hypsipetes leucocephalus
2022,Ixobrychus cinnamomeus
2022,Chalcophaps indica
2022,Chalcophaps indica
2022,Oriolus chinensis
2022,Pycnonotus sinensis
2022,Psilopogon nuchalis
2022,Hypsipetes leucocephalus
2022,Prinia inornata
2022,Identified to Family: Columbidae
2022,Alcedo atthis
2022,Passer montanus
2022,Psilopogon nuchalis
2022,Copsychus malabaricus
2022,Columba livia
2022,Chalcophaps indica
2022,Hypsipetes leucocephalus
2022,Passer montanus
2022,Gorsachius melanolophus
2022,Streptopelia tranquebarica
2022,Streptopelia tranquebarica
2022,Psilopogon nuchalis
2022,Streptopelia tranquebarica
2022,Psilopogon nuchalis
2022,Urosphena squameiceps
2022,Urosphena squameiceps
2022,Pycnonotus sinensis
2022,Passer montanus
2022,Psilopogon nuchalis
2022,Myiomela leucura
2022,Psilopogon nuchalis
2022,Psilopogon nuchalis
2022,Fringilla montifringilla
2022,Chalcophaps indica
2022,Columba livia
2022,Identified to Class: Aves
2022,Hypsipetes leucocephalus
2022,Hirundo rustica
2022,Turdus pallidus
2022,Psilopogon nuchalis
2022,Myiomela leucura
2022,Hypsipetes leucocephalus
2022,Pycnonotus sinensis
2022,Hirundo rustica
2022,Urosphena squameiceps
2022,Pycnonotus sinensis
2022,Accipiter trivirgatus
2022,Prinia inornata
2022,Periparus ater
2022,Streptopelia tranquebarica
2022,Streptopelia chinensis
2022,Pycnonotus sinensis
2022,Pica serica
2022,Pycnonotus sinensis
2022,Psilopogon nuchalis
2022,Streptopelia chinensis
2022,Streptopelia orientalis
2022,Psilopogon nuchalis
2022,Psilopogon nuchalis
2022,Chalcophaps indica
2022,Cuculus optatus
2022,Psilopogon nuchalis
2022,Accipiter nisus
2022,Cuculus optatus
2022,Streptopelia sp.
2022,Emberiza pusilla
2022,Pycnonotus sinensis
2022,Psilopogon nuchalis
2022,Identified to Class: Aves
2022,Streptopelia sp.
2022,Gorsachius melanolophus
2022,Halcyon coromanda
2022,Chalcophaps indica
2022,Turdus pallidus
2022,Streptopelia chinensis
2022,Columba livia
2022,Aplonis panayensis
2022,Streptopelia tranquebarica
2022,Pycnonotus sinensis
2022,Identified to Class: Aves
2022,Identified to Class: Aves
2022,Identified to Family: Columbidae
2022,Chalcophaps indica
2022,Otus lettia
2022,Ceyx erithaca
2022,Pycnonotus sinensis
2022,Pitta nympha
2022,Chalcophaps indica
2022,Psilopogon nuchalis
2022,Pycnonotus sinensis
2022,Chalcophaps indica
2022,Chalcophaps indica
2022,Pycnonotus sinensis
2022,Calliope calliope
2022,Streptopelia chinensis
2022,Myophonus insularis
2022,Columba livia
2022,Streptopelia orientalis
2022,Streptopelia chinensis
2022,Cuculus optatus
2022,Parus monticolus
2022,Pitta nympha
2022,Streptopelia tranquebarica
2022,Cuculus optatus
2022,Chalcophaps indica
2022,Chalcophaps indica
2022,Psilopogon nuchalis
2022,Cuculus optatus
2022,Acridotheres tristis
2022,Monticola solitarius
2022,Accipiter nisus
2022,Chalcophaps indica
2022,Streptopelia chinensis
2022,Chalcophaps indica
2022,Psilopogon nuchalis
2022,Lanius cristatus
2022,Pycnonotus sinensis
2022,Psilopogon nuchalis
2022,Streptopelia orientalis
2022,Halcyon coromanda
2022,Monticola solitarius
2022,Myophonus insularis
2022,Pycnonotus sinensis
2022,Hirundo rustica
2022,Cuculus optatus
2022,Cuculus optatus
2022,Streptopelia orientalis
2022,Streptopelia orientalis
2022,Chalcophaps indica
2022,Lanius cristatus
2022,Chalcophaps indica
2022,Passer montanus
2022,Locustella lanceolata
2022,Streptopelia tranquebarica
2022,Psilopogon nuchalis
2022,Lophura swinhoii
2022,Streptopelia chinensis
2022,Cuculus canorus
2022,Streptopelia chinensis
2022,Streptopelia chinensis
2022,Phylloscopus coronatus
2022,Passer montanus
2022,Identified to Class: Aves
2022,Identified to Family: Columbidae
2022,Passer montanus
2022,Pomatorhinus musicus
2022,Alcedo atthis
2022,Streptopelia sp.
2022,Chalcophaps indica
2022,Chalcophaps indica
2022,Heterophasia auricularis
2022,Pycnonotus sinensis
2022,Identified to Class: Aves
2022,Accipiter trivirgatus
2022,Copsychus malabaricus
2022,Acridotheres javanicus
2022,Passer montanus
2022,Streptopelia chinensis
2022,Streptopelia chinensis
2022,Streptopelia chinensis
2022,Acridotheres cristatellus
2022,Chalcophaps indica
2022,Halcyon coromanda
2022,Psilopogon nuchalis
2022,Psilopogon nuchalis
2022,Psilopogon nuchalis
2022,Identified to Family: Columbidae
2022,Treron sieboldii
2022,Columba livia
2022,Passer montanus
2022,Chalcophaps indica
2022,Passer montanus
2022,Columba livia
2022,Accipiter trivirgatus
2022,Psilopogon nuchalis
2022,Alcedo atthis
2022,Alcedo atthis
2022,Streptopelia tranquebarica
2022,Accipiter trivirgatus
2022,Lonchura punctulata
2022,Clamator coromandus
2022,Pycnonotus sinensis
2022,Pycnonotus sinensis
2022,Identified to Family: Columbidae
2022,Caprimulgus affinis
2022,Pycnonotus sinensis
2022,Identified to Family: Columbidae
2022,Streptopelia chinensis
2022,Identified to Class: Aves
2022,Streptopelia sp.
2022,Caprimulgus affinis
2022,Streptopelia chinensis
2022,Hypsipetes leucocephalus
2022,Zosterops simplex
2022,Gorsachius melanolophus
2022,Macropygia unchall
2022,Macropygia unchall
2022,Psilopogon nuchalis
2022,Chalcophaps indica
2022,Pycnonotus sinensis
2022,Chalcophaps indica
2022,Hirundo rustica
2022,Psilopogon nuchalis
2022,Pycnonotus taivanus
2022,Hirundo rustica
2022,Accipiter trivirgatus
2022,Streptopelia orientalis
2022,Streptopelia chinensis
2022,Hirundo rustica
2022,Hirundo rustica
2022,Hirundo rustica
2022,Identified to Class: Aves
2022,Columba livia
2022,Alcedo atthis
2022,Pycnonotus sinensis
2022,Psilopogon nuchalis
2022,Psilopogon nuchalis
2022,Hypsipetes leucocephalus
2022,Psilopogon nuchalis
2022,Zosterops simplex
2022,Zosterops simplex
2022,Hypsipetes leucocephalus
2022,Chalcophaps indica
2022,Streptopelia chinensis
2022,Columba livia
2022,Streptopelia chinensis
2022,Psilopogon nuchalis
2022,Streptopelia chinensis
2022,Passer montanus
2022,Passer montanus
2022,Psilopogon nuchalis
2022,Chloris sinica
2022,Lonchura punctulata
2022,Psilopogon nuchalis
2022,Psilopogon nuchalis
2022,Dendrocitta formosae
2022,Hypsipetes leucocephalus
2022,Accipiter virgatus
2022,Psilopogon nuchalis
2022,Streptopelia sp.
2022,Psilopogon nuchalis
2022,Chalcophaps indica
2022,Passer montanus
2022,Pycnonotus sinensis
2022,Streptopelia orientalis
2022,Passer montanus
2022,Clamator coromandus
2022,Psilopogon nuchalis
2022,Pycnonotus sinensis
2022,Psilopogon nuchalis
2022,Psilopogon nuchalis
2022,Niltava vivida
2022,Hypsipetes leucocephalus
2022,Psilopogon nuchalis
2022,Oriolus traillii
2022,Streptopelia chinensis
2022,Alcedo atthis
2022,Copsychus malabaricus
2022,Streptopelia tranquebarica
2022,Identified to Class: Aves
2022,Psilopogon nuchalis
2022,Psilopogon nuchalis
2022,Accipiter trivirgatus
2022,Psilopogon nuchalis
2022,Chalcophaps indica
2022,Alcedo atthis
2022,Passer montanus
2022,Streptopelia chinensis
2022,Dendrocitta formosae
2022,Streptopelia sp.
2022,Streptopelia orientalis
2022,Streptopelia chinensis
2022,Alcedo atthis
2022,Psilopogon nuchalis
2022,Gorsachius melanolophus
2022,Streptopelia chinensis
2022,Lonchura punctulata
2022,Chalcophaps indica
2022,Identified to Class: Aves
2022,Passer montanus
2022,Psilopogon nuchalis
2022,Psilopogon nuchalis
2022,Chalcophaps indica
2022,Lonchura punctulata
2022,Chalcophaps indica
2022,Pycnonotus sinensis
2022,Aplonis panayensis
2022,Alcedo atthis
2022,Columba livia
2022,Treron sieboldii
2022,Hypsipetes leucocephalus
2022,Chalcophaps indica
2022,Streptopelia chinensis
2022,Streptopelia chinensis
2022,Pycnonotus sinensis
2022,Pycnonotus sinensis
2022,Streptopelia orientalis
2022,Accipiter trivirgatus
2022,Streptopelia tranquebarica
2022,Streptopelia chinensis
2022,Psilopogon nuchalis
2022,Amaurornis phoenicurus
2022,Zosterops simplex
2022,Chalcophaps indica
2022,Psilopogon nuchalis
2022,Psilopogon nuchalis
2022,Streptopelia orientalis
2022,Identified to Order: Accipitriformes
2022,Psilopogon nuchalis
2022,Chalcophaps indica
2022,Passer montanus
2022,Zosterops simplex
2022,Zosterops simplex
2022,Streptopelia tranquebarica
2022,Accipiter trivirgatus
2022,Accipiter trivirgatus
2022,Cacomantis merulinus
2022,Streptopelia tranquebarica
2022,Lonchura punctulata
2022,Chalcophaps indica
2022,Chalcophaps indica
2022,Zosterops simplex
2022,Dendrocitta formosae
2022,Psilopogon nuchalis
2022,Psilopogon nuchalis
2022,Cuculus micropterus
2022,Chalcophaps indica
2022,Chalcophaps indica
2022,Zosterops simplex
2022,Pycnonotus sinensis
2022,Streptopelia orientalis
2022,Streptopelia chinensis
2022,Lonchura striata
2022,Streptopelia tranquebarica
2022,Chalcophaps indica
2022,Hypsipetes leucocephalus
2022,Psilopogon nuchalis
2022,Psilopogon nuchalis
2022,Psilopogon nuchalis
2022,Passer montanus
2022,Psilopogon nuchalis
2022,Zosterops simplex
2022,Alcedo atthis
2022,Zosterops simplex
2022,Zosterops simplex
2022,Pycnonotus taivanus
2022,Chalcophaps indica
2022,Psilopogon nuchalis
2022,Streptopelia tranquebarica
2022,Chalcophaps indica
2022,Identified to Family: Columbidae
2022,Accipiter trivirgatus
2022,Psilopogon nuchalis
2022,Streptopelia chinensis
2022,Chalcophaps indica
2022,Streptopelia tranquebarica
2022,Passer montanus
2022,Chalcophaps indica
2022,Psilopogon nuchalis
2022,Columba livia
2022,Aplonis panayensis
2022,Streptopelia orientalis
2022,Psilopogon nuchalis
2022,Psilopogon nuchalis
2022,Psilopogon nuchalis
2022,Streptopelia orientalis
2022,Caprimulgus affinis
2022,Zosterops simplex
2022,Accipiter trivirgatus
2022,Passer montanus
2022,Aplonis panayensis
2022,Zosterops simplex
2022,Lonchura punctulata
2022,Identified to Family: Columbidae
2022,Zosterops simplex
2022,Streptopelia chinensis
2022,Psilopogon nuchalis
2022,Chalcophaps indica
2022,Chalcophaps indica
2022,Chalcophaps indica
2022,Psilopogon nuchalis
2022,Pycnonotus sinensis
2022,Zosterops simplex
2022,Geopelia striata
2022,Turdus cardis
2022,Psilopogon nuchalis
2022,Psilopogon nuchalis
2022,Pycnonotus sinensis
2022,Pycnonotus sinensis
2022,Psilopogon nuchalis
2022,Psilopogon nuchalis
2022,Pycnonotus sinensis
2022,Psilopogon nuchalis
2022,Psilopogon nuchalis
2022,Monticola solitarius
2022,Streptopelia orientalis
2022,Psilopogon nuchalis
2022,Pycnonotus sinensis
2022,Psilopogon nuchalis
2022,Passer montanus
2022,Actinodura morrisoniana
2022,Psilopogon nuchalis
2022,Centropus bengalensis
2022,Halcyon coromanda
2022,Psilopogon nuchalis
2022,Chalcophaps indica
2022,Streptopelia chinensis
2022,Zosterops simplex
2022,Lonchura punctulata
2022,Otus sunia
2022,Psilopogon nuchalis
2022,Streptopelia chinensis
2022,Aplonis panayensis
2022,Cyanoptila cyanomelana
2022,Accipiter trivirgatus
2022,Psilopogon nuchalis
2022,Psilopogon nuchalis
2022,Scolopax rusticola
2022,Turnix suscitator
2022,Muscicapa dauurica
2022,Columba livia
2022,Accipiter trivirgatus
2022,Chalcophaps indica
2022,Ficedula narcissina
2022,Psilopogon nuchalis
2022,Lanius cristatus
2022,Psilopogon nuchalis
2022,Ninox japonica
2022,Chalcophaps indica
2022,Streptopelia chinensis
2022,Psilopogon nuchalis
2022,Psilopogon nuchalis
2022,Acridotheres sp.
2022,Ficedula narcissina
2022,Psilopogon nuchalis
2022,Aplonis panayensis
2022,Pycnonotus sinensis
2022,Ficedula narcissina
2022,Chalcophaps indica
2022,Pycnonotus sinensis
2022,Zosterops simplex
2022,Pycnonotus sinensis
2022,Psilopogon nuchalis
2022,Psilopogon nuchalis
2022,Hypsipetes leucocephalus
2022,Psilopogon nuchalis
2022,Psilopogon nuchalis
2022,Streptopelia chinensis
2022,Ficedula narcissina
2022,Locustella ochotensis
2022,Psilopogon nuchalis
2022,Sturnia malabarica
2022,Streptopelia chinensis
2022,Identified to Family: Columbidae
2022,Hypsipetes leucocephalus
2022,Aplonis panayensis
2022,Psilopogon nuchalis
2022,Psilopogon nuchalis
2022,Zosterops simplex
2022,Pycnonotus sinensis
2022,Passer montanus
2022,Chalcophaps indica
2022,Phoenicurus auroreus
2022,Psilopogon nuchalis
2022,Streptopelia chinensis
2022,Psilopogon nuchalis
2022,Pycnonotus sinensis
2022,Aplonis panayensis
2022,Psilopogon nuchalis
2022,Aplonis panayensis
2022,Chalcophaps indica
2022,Accipiter trivirgatus
2022,Accipiter trivirgatus
2022,Psilopogon nuchalis
2022,Streptopelia chinensis
2022,Ficedula mugimaki
2022,Garrulax canorus
2022,Streptopelia chinensis
2022,Chalcophaps indica
2022,Turdus obscurus
2022,Streptopelia chinensis
2022,Turdus pallidus
2022,Sturnia sinensis
2022,Psilopogon nuchalis
2022,Turdus pallidus
2022,Zoothera aurea
2022,Identified to Family: Columbidae
2022,Psilopogon nuchalis
2022,Psilopogon nuchalis
2022,Bombycilla japonica
2022,Turdus pallidus
2022,Turdus pallidus
2022,Psilopogon nuchalis
2022,Zosterops simplex
2022,Accipiter trivirgatus
2022,Psilopogon nuchalis
2022,Turdus obscurus
2022,Psilopogon nuchalis
2022,Zoothera aurea
2022,Psilopogon nuchalis
2022,Turdus pallidus
2022,Turdus chrysolaus
2022,Streptopelia tranquebarica
2022,Calliope calliope
2022,Zoothera aurea
2022,Monticola solitarius
2022,Psilopogon nuchalis
2022,Turdus pallidus
2022,Pycnonotus sinensis
2022,Psilopogon nuchalis
2022,Psilopogon nuchalis
2022,Psilopogon nuchalis
2022,Identified to Class: Aves
2022,Turdus pallidus
2022,Turdus pallidus
2022,Ninox japonica
2022,Acrocephalus bistrigiceps
2022,Glaucidium brodiei
2022,Psilopogon nuchalis
2022,Urosphena squameiceps
2022,Psilopogon nuchalis
2022,Calliope calliope
2022,Psilopogon nuchalis
2022,Turdus chrysolaus
2022,Dendrocitta formosae
2022,Chalcophaps indica
2022,Acridotheres cristatellus
2022,Cyornis glaucicomans
2022,Fulica atra
2022,Zoothera aurea
2022,Turdus chrysolaus
2022,Phoenicurus fuliginosus
2022,Chalcophaps indica
2022,Passer montanus
2022,Streptopelia chinensis
2022,Psilopogon nuchalis
2022,Turdus pallidus
2022,Turdus chrysolaus
2022,Turdus chrysolaus
2022,Turdus pallidus
2022,Streptopelia tranquebarica
2022,Zoothera aurea
2022,Turdus pallidus
2022,Horornis canturians
2022,Turdus chrysolaus
2022,Psilopogon nuchalis
2022,Pycnonotus sinensis
2022,Pycnonotus sinensis
2022,Hypsipetes leucocephalus
2022,Turdus chrysolaus
2022,Passer montanus
2022,Zoothera aurea
2022,Streptopelia chinensis
2022,Apus nipalensis
2022,Turdus pallidus
2022,Turdus pallidus
2022,Psilopogon nuchalis
2022,Emberiza spodocephala
2022,Accipiter nisus
2022,Columba livia
2022,Zoothera aurea
2022,Hypsipetes leucocephalus
2022,Falco tinnunculus
2022,Hirundo tahitica
2022,Identified to Family: Turdidae
2022,Psilopogon nuchalis
2022,Identified to Class: Aves
2022,Psilopogon nuchalis
2022,Alcedo atthis
2022,Zoothera aurea
2022,Psilopogon nuchalis
2022,Passer montanus
2022,Streptopelia tranquebarica
2022,Psilopogon nuchalis
2022,Streptopelia chinensis
2022,Streptopelia chinensis
2022,Identified to Order: Passeriformes
2022,Aplonis panayensis
2022,Zoothera aurea
2022,Identified to Family: Columbidae
2022,Identified to Order: Passeriformes
2022,Zoothera aurea
2022,Chalcophaps indica
2022,Psilopogon nuchalis
2022,Psilopogon nuchalis
2022,Psilopogon nuchalis
2022,Psilopogon nuchalis
2022,Zoothera aurea
2022,Turdus chrysolaus
2022,Horornis canturians
2022,Zoothera aurea
2022,Passer montanus
2022,Psilopogon nuchalis
2022,Zosterops simplex
2022,Spizixos semitorques
2022,Psilopogon nuchalis
2022,Calliope calliope
2022,Zoothera aurea
2022,Zoothera aurea
2022,Psilopogon nuchalis
2022,Zoothera aurea
2022,Phylloscopus borealis complex
2022,Zoothera aurea
2022,Psilopogon nuchalis
2022,Passer montanus
2022,Psilopogon nuchalis
2022,Zoothera aurea
2022,Psilopogon nuchalis
2022,Dendrocitta formosae
2022,Turdus pallidus
2022,Streptopelia orientalis
2022,Hypsipetes leucocephalus
2022,Pycnonotus sinensis
2022,Treron sieboldii
2022,Psilopogon nuchalis
2022,Chalcophaps indica
2022,Turdus obscurus
2022,Psilopogon nuchalis
2022,Pycnonotus taivanus
2022,Psilopogon nuchalis
2022,Psilopogon nuchalis
2022,Psilopogon nuchalis
2022,Passer montanus
2022,Accipiter trivirgatus
2022,Streptopelia chinensis
2022,Treron sieboldii
2022,Zoothera aurea
2022,Hypsipetes leucocephalus
2022,Psilopogon nuchalis
2022,Psilopogon nuchalis
